{
  "timestamp": "2025-11-28T18:36:17.880166",
  "K_values": [
    0.1,
    0.15,
    0.2,
    0.25,
    0.3,
    0.35,
    0.4,
    0.45,
    0.5,
    0.55,
    0.6,
    0.65,
    0.7,
    0.75,
    0.8,
    0.85,
    0.9,
    0.95,
    1.0
  ],
  "sigma_values": [
    0.0,
    0.02,
    0.04,
    0.06,
    0.08,
    0.1,
    0.12,
    0.14,
    0.16,
    0.18,
    0.2,
    0.22,
    0.24,
    0.26,
    0.28,
    0.3,
    0.32,
    0.34,
    0.36,
    0.38,
    0.4
  ],
  "surface": [
    [
      -6.641424505692304e-08,
      0.000349820109715431,
      0.0003918362885624763,
      0.00018219141728533422,
      -0.00022869900953787658,
      -0.00023734122936710595,
      -0.00013945323386301074,
      -3.389090141977632e-05,
      0.00018406545161894124,
      0.0002723481367333479,
      0.00024358402483394824,
      0.00013646768973794935,
      -1.7006203575812935e-05,
      -3.55189248522526e-05,
      -2.533541454006928e-05,
      -7.590204145245053e-06,
      -1.4617943094048405e-05,
      -9.217764230773945e-06,
      6.407068686996212e-06,
      -2.3207474659547605e-06,
      2.3950775345976014e-06
    ],
    [
      -0.0008796891352250276,
      -2.935209283835686e-07,
      2.8547601499348185e-07,
      9.453453464206552e-07,
      1.8440142894732508e-06,
      3.350685058709464e-06,
      6.795985589328051e-06,
      1.863191050868318e-05,
      1.597744660092106e-05,
      4.497527183730345e-06,
      7.510441988162462e-07,
      7.433766674041412e-07,
      -5.600093837259591e-06,
      3.943790953936573e-05,
      -4.924180634342498e-06,
      -5.943777984168906e-06,
      2.055277508449669e-06,
      9.247900464555854e-07,
      1.4446265651089564e-06,
      1.874242552263162e-05,
      -5.39341146705162e-06
    ],
    [
      -0.0008796599170540099,
      -4.598098648766702e-07,
      -3.011293336807936e-07,
      -1.8485051137794652e-07,
      -1.0730553258158855e-07,
      -6.042291512618981e-08,
      -3.231090389859298e-08,
      -6.898286571040443e-09,
      4.075774111435725e-08,
      1.678954924270565e-07,
      6.738443032042837e-07,
      4.723613485730112e-06,
      1.831405552083162e-06,
      -7.388298478303761e-07,
      7.2444773231239834e-06,
      -3.496115743271306e-07,
      2.565490743229573e-06,
      3.0683616211069643e-06,
      1.4567673930834051e-05,
      -2.3167844333677175e-06,
      1.141149570538429e-06
    ],
    [
      -0.0008796544865724025,
      -1.6975579532348045e-07,
      3.983692916958751e-08,
      2.2549792716503937e-07,
      3.734021044232851e-07,
      4.772929952045801e-07,
      5.380691192298657e-07,
      5.616120408025231e-07,
      5.558625232253808e-07,
      5.275512963898223e-07,
      4.776934496908866e-07,
      3.9312025168684263e-07,
      2.3454928128521847e-07,
      7.359882147815052e-09,
      2.2568960523657008e-07,
      1.0779588305061016e-07,
      7.422494246316486e-07,
      1.5860370588909388e-06,
      8.962480328631646e-06,
      1.542364998549374e-07,
      9.776139562669276e-07
    ],
    [
      -0.0008796415044379755,
      1.0589896896271343e-07,
      4.403546417248252e-07,
      7.826526261368908e-07,
      1.0921822584889584e-06,
      1.3432350998064466e-06,
      1.527443562318887e-06,
      1.6501744042080643e-06,
      1.724961270917001e-06,
      1.7688366277079477e-06,
      1.7992243171595013e-06,
      1.8305888253260631e-06,
      1.863490880904738e-06,
      1.840582791490894e-06,
      1.4931376990059955e-06,
      5.041197177979766e-08,
      1.4999582605182284e-08,
      -2.1585910861343086e-07,
      1.234165396563485e-06,
      2.2378033449890984e-06,
      1.560534633271654e-05
    ],
    [
      -0.0008796479150759644,
      3.3257454117624297e-07,
      8.526188828316876e-07,
      1.42202557761364e-06,
      1.9489574602941307e-06,
      2.3765759717772485e-06,
      2.6884980689214706e-06,
      2.8965721471329086e-06,
      3.026142611155519e-06,
      3.106349546217428e-06,
      3.1662915889649934e-06,
      3.2354848161691493e-06,
      3.3466228687891423e-06,
      3.5344702324528206e-06,
      3.7953747591875815e-06,
      3.846310776726606e-06,
      1.8423195718331144e-06,
      9.957916626093797e-07,
      5.075493381439591e-08,
      4.4717752785831515e-07,
      2.8283217723773166e-07
    ],
    [
      -0.0008796215728417559,
      5.378911961427205e-07,
      1.3377902405335857e-06,
      2.2264756260533615e-06,
      3.0145527665736512e-06,
      3.609407196636868e-06,
      4.006384869961065e-06,
      4.244660165019307e-06,
      4.3736179444966635e-06,
      4.437927849045998e-06,
      4.47467390622456e-06,
      4.516202524747832e-06,
      4.596027749128483e-06,
      4.758294490053668e-06,
      5.071619792618251e-06,
      5.619390932589527e-06,
      6.209477751440289e-06,
      4.194775495001041e-06,
      3.177492971027799e-06,
      3.743421937929612e-07,
      3.0405232061778467e-07
    ],
    [
      -0.0008796462012273644,
      7.765069377008731e-07,
      2.022713080133926e-06,
      3.3393504701500107e-06,
      4.377778129745273e-06,
      5.053891723907277e-06,
      5.433461838579798e-06,
      5.614248860698632e-06,
      5.677518780064232e-06,
      5.680475808018664e-06,
      5.662038740514926e-06,
      5.650623007401055e-06,
      5.671416120814896e-06,
      5.754311155015772e-06,
      5.946546345365059e-06,
      6.339350399424995e-06,
      7.108719649800583e-06,
      8.257107513544824e-06,
      5.976845017517076e-06,
      5.341721721367449e-06,
      2.339821646237594e-06
    ],
    [
      -0.000879587486634534,
      1.155048670851537e-06,
      3.1331082348840497e-06,
      4.915539682012162e-06,
      6.031854110284651e-06,
      6.58646109210115e-06,
      6.799359107799073e-06,
      6.833332096940042e-06,
      6.784529157952893e-06,
      6.7060120076712896e-06,
      6.627377381714312e-06,
      6.566927497813612e-06,
      6.539121643554728e-06,
      6.560156784285125e-06,
      6.654518808900426e-06,
      6.867642902558323e-06,
      7.299704014373404e-06,
      8.198502112301424e-06,
      9.850248047714718e-06,
      7.404177443647187e-06,
      7.094541497189284e-06
    ],
    [
      -0.0008797109288599572,
      1.943564304632782e-06,
      5.017762280817636e-06,
      6.931593206033101e-06,
      7.687588579235717e-06,
      7.860913582354282e-06,
      7.799316092926396e-06,
      7.659813821525985e-06,
      7.508013949155239e-06,
      7.3706153575068585e-06,
      7.258541768273189e-06,
      7.177000543046487e-06,
      7.130223463121007e-06,
      7.12434422308854e-06,
      7.1702848453135425e-06,
      7.2886084434235396e-06,
      7.520998381934346e-06,
      7.965707036728358e-06,
      8.90889808378916e-06,
      1.0965337000875164e-05,
      1.0574179096152421e-05
    ],
    [
      -0.0008792790476494267,
      3.964516826137701e-06,
      7.761819471659817e-06,
      8.68830394421809e-06,
      8.632852490490432e-06,
      8.369161146156354e-06,
      8.10226720366152e-06,
      7.878695802850537e-06,
      7.703593957871485e-06,
      7.572362340188383e-06,
      7.479389252173886e-06,
      7.420473717646078e-06,
      7.393555928195089e-06,
      7.399183577538268e-06,
      7.441317870273108e-06,
      7.529061901778167e-06,
      7.680561371483847e-06,
      7.933054247275586e-06,
      8.37620627294182e-06,
      9.303044149666936e-06,
      1.165790017061414e-05
    ],
    [
      -0.000879903175211055,
      8.63295889160534e-06,
      9.220097190606083e-06,
      8.559801422745892e-06,
      8.071283980177658e-06,
      7.753888859522037e-06,
      7.549144559378646e-06,
      7.418403736790587e-06,
      7.33852874049549e-06,
      7.295598532396649e-06,
      7.281188943589951e-06,
      7.290373735982009e-06,
      7.320708124047085e-06,
      7.3718191947647075e-06,
      7.445471244111352e-06,
      7.546169878328563e-06,
      7.682643859552402e-06,
      7.871204115159924e-06,
      8.144324716331134e-06,
      8.579891619104432e-06,
