{
  "timestamp": "2025-11-28T18:36:17.878943",
  "K_values": [
    0.1,
    0.15,
    0.2,
    0.25,
    0.3,
    0.35,
    0.4,
    0.45,
    0.5,
    0.55,
    0.6,
    0.65,
    0.7,
    0.75,
    0.8,
    0.85,
    0.9,
    0.95,
    1.0
  ],
  "sigma_values": [
    0.0,
    0.02,
    0.04,
    0.06,
    0.08,
    0.1,
    0.12,
    0.14,
    0.16,
    0.18,
    0.2,
    0.22,
    0.24,
    0.26,
    0.28,
    0.3,
    0.32,
    0.34,
    0.36,
    0.38,
    0.4
  ],
  "surface": [
    [
      -3.179974448940589e-08,
      0.001942012998708611,
      0.0037468306836549205,
      0.004437529008098468,
      0.002089506399946521,
      0.0015374160142741396,
      0.0006985706777387218,
      0.0001337437859472581,
      -0.0005430932205742178,
      -0.0006865272870686705,
      -0.0005262364251673471,
      -0.0002940127562413014,
      5.9869927612756165e-05,
      0.00013073030011381974,
      0.00013112766315695386,
      2.7069759577353863e-05,
      7.69908569431224e-05,
      3.219955936731188e-05,
      -3.1384180350014287e-06,
      5.0477199982366965e-06,
      3.6082066179630153e-06
    ],
    [
      -0.0008750464999963378,
      -4.028400523715566e-06,
      4.087007207123525e-06,
      1.368052342637621e-05,
      2.5910986265836372e-05,
      4.3466225952762326e-05,
      7.565314308048713e-05,
      0.00018940124582046637,
      0.00022006163603494554,
      0.00016642115106903766,
      0.00019453916935928484,
      -1.7231791392210595e-05,
      0.00010574383690059164,
      -0.00022429474464937321,
      8.08199220854961e-05,
      3.8805297622211454e-05,
      -1.3599063034508087e-05,
      -2.490909912859594e-05,
      -1.1494009006205053e-05,
      -4.331125169950576e-05,
      2.187116532651667e-05
    ],
    [
      -0.0008750172283476302,
      -2.9607749757315845e-06,
      -2.929768085818055e-06,
      -2.7371865629639425e-06,
      -2.3750115666863906e-06,
      -1.842256498873675e-06,
      -1.1343343010547733e-06,
      -2.2145930090851174e-07,
      1.0075151048780674e-06,
      2.967246085128655e-06,
      9.002033559117309e-06,
      3.3779469371174905e-05,
      4.07450956719105e-05,
      3.1427803887520505e-05,
      -4.480726074604636e-05,
      3.763028493391752e-06,
      -2.584983478868693e-05,
      -1.646424457405954e-05,
      -6.648336059864503e-05,
      3.9182129284321196e-05,
      -4.439132722345716e-06
    ],
    [
      -0.0008750118989674705,
      9.853529688911216e-07,
      5.427698970313214e-07,
      1.2346313889186608e-07,
      -2.4331422762874753e-07,
      -5.421656382995628e-07,
      -7.71966941973131e-07,
      -9.43043295664443e-07,
      -1.0731639714704423e-06,
      -1.1836159441010216e-06,
      -1.2940627347625206e-06,
      -1.4076575337278246e-06,
      -1.450820916011896e-06,
      -9.327330719324725e-07,
      2.6353717957338398e-06,
      4.26189828168835e-07,
      -4.036739516494301e-06,
      -8.928039468222608e-06,
      -2.4177736370346764e-05,
      -9.138325582123451e-07,
      -6.290472563040842e-06
    ],
    [
      -0.0008749990110085902,
      2.0514955641542627e-06,
      1.771536829377364e-06,
      1.4247948585627171e-06,
      1.0713726616720589e-06,
      7.56069145577607e-07,
      5.01773050721922e-07,
      3.120953084453852e-07,
      1.7792213263911664e-07,
      8.340801724634819e-08,
      9.353704750272306e-09,
      -6.609098552261395e-08,
      -1.667960634157656e-07,
      -3.058217309144565e-07,
      -4.202560754585582e-07,
      -1.2051501993294152e-07,
      -1.4066015873794033e-07,
      2.9242685427115097e-07,
      -8.078889579507873e-07,
      -4.573885230560699e-06,
      -2.6330387076066776e-05
    ],
    [
      -0.000875004640061377,
      1.9852672188857916e-06,
      1.8370285418480539e-06,
      1.5514594171176255e-06,
      1.2312111163131994e-06,
      9.520449142350964e-07,
      7.489470794547211e-07,
      6.252118448482388e-07,
      5.675196066172236e-07,
      5.571466880352502e-07,
      5.752777470230777e-07,
      6.035052515013408e-07,
      6.203567308357424e-07,
      5.938838409743736e-07,
      4.777534669557207e-07,
      2.6042395917957783e-07,
      9.54859734627849e-09,
      9.539288933149681e-07,
      4.318690141608387e-07,
      -7.637797768362065e-07,
      -7.357665136456519e-07
    ],
    [
      -0.0008749779947369673,
      1.617634850545121e-06,
      1.488643806571151e-06,
      1.1655023298118103e-06,
      8.248129566588337e-07,
      5.709246852212625e-07,
      4.2970843242728596e-07,
      3.844394892133857e-07,
      4.0648478349473316e-07,
      4.6988764204707937e-07,
      5.550487605171234e-07,
      6.473474793956226e-07,
      7.333120196867721e-07,
      7.936778834335903e-07,
      7.889108070871109e-07,
      6.345527538032864e-07,
      2.484843469844104e-07,
      -1.106659090832146e-07,
      1.3199635929673592e-06,
      1.0528346904464505e-06,
      9.353959712118661e-07
    ],
    [
      -0.0008750088295255445,
      1.2141878623042288e-06,
      9.592232590109058e-07,
      4.925061530272122e-07,
      1.0587491299865223e-07,
      -1.0498980334047556e-07,
      -1.6534992669172065e-07,
      -1.293213978696756e-07,
      -4.1269481019043016e-08,
      7.044691356199161e-08,
      1.896053888530658e-07,
      3.070839278941459e-07,
      4.1653680018428137e-07,
      5.099059579304013e-07,
      5.69724828070373e-07,
      5.495530876114795e-07,
      3.2222013458529923e-07,
      -3.147749407054277e-07,
      -8.5351157116831e-07,
      1.0233582169958942e-06,
      1.8691702657568496e-06
    ],
    [
      -0.0008749315813518546,
      8.050306340706633e-07,
      2.146502276111546e-07,
      -4.55721380327387e-07,
      -8.283604488674409e-07,
      -9.342007448985801e-07,
      -8.910340874751104e-07,
      -7.825444475021307e-07,
      -6.528408148303183e-07,
      -5.22071591355885e-07,
      -3.983284675217597e-07,
      -2.8432766313096394e-07,
      -1.810470623409174e-07,
      -9.024216348733093e-08,
      -1.765696482151185e-08,
      1.9643583031224142e-08,
      -2.9335635821872576e-08,
      -3.286938595742818e-07,
      -1.2638596399539513e-06,
      -1.8394173007516172e-06,
      3.0652568597679686e-07
    ],
    [
      -0.0008749354937274109,
      2.568025119420287e-07,
      -9.346577919468711e-07,
      -1.663880525203888e-06,
      -1.8424907654348705e-06,
      -1.7735020291641413e-06,
      -1.6286416846941454e-06,
      -1.474909970799863e-06,
      -1.333943645198848e-06,
      -1.2104761749416182e-06,
      -1.1035415680842378e-06,
      -1.010695235337049e-06,
      -9.296666082138687e-07,
      -8.592448891729025e-07,
      -8.003551281798244e-07,
      -7.58486621493197e-07,
      -7.50597438106972e-07,
      -8.28722212098141e-07,
      -1.179909033288845e-06,
      -2.4172524018620523e-06,
      -3.235543887593378e-06
    ],
    [
      -0.000875654351639431,
      -9.165553304727308e-07,
      -2.5724281412861456e-06,
      -2.8170229525714835e-06,
      -2.6425058546331567e-06,
      -2.422303900755815e-06,
      -2.234324754116358e-06,
      -2.0857748259613617e-06,
      -1.969926702486394e-06,
      -1.8789589414542095e-06,
      -1.8064935641116152e-06,
      -1.747789926593948e-06,
      -1.6995199342546794e-06,
      -1.6596211496612402e-06,
      -1.6274318914804022e-06,
      -1.6044093413250361e-06,
      -1.5962719099596713e-06,
      -1.619415859867571e-06,
      -1.7238016386900391e-06,
      -2.1039975148589843e-06,
      -3.61938603778062e-06
    ],
    [
      -0.0008756044653445012,
      -3.575213356207465e-06,
      -3.6006844833631864e-06,
      -3.149130926172597e-06,
      -2.8560004108330263e-06,
      -2.6756491265791486e-06,
      -2.5621191524217005e-06,
      -2.489195604621883e-06,
      -2.44202967648674e-06,
      -2.4118354807044704e-06,
      -2.393179938062615e-06,
      -2.3825951979961032e-06,
      -2.3778571568210953e-06,
      -2.377632656508522e-06,
      -2.381385513061571e-06,
