{
  "timestamp": "2025-11-28T18:36:17.880927",
  "K_values": [
    0.1,
    0.15,
    0.2,
    0.25,
    0.3,
    0.35,
    0.4,
    0.45,
    0.5,
    0.55,
    0.6,
    0.65,
    0.7,
    0.75,
    0.8,
    0.85,
    0.9,
    0.95,
    1.0
  ],
  "sigma_values": [
    0.0,
    0.02,
    0.04,
    0.06,
    0.08,
    0.1,
    0.12,
    0.14,
    0.16,
    0.18,
    0.2,
    0.22,
    0.24,
    0.26,
    0.28,
    0.3,
    0.32,
    0.34,
    0.36,
    0.38,
    0.4
  ],
  "surface": [
    [
      -1.2640655512068912e-07,
      -1.0741573757563847e-05,
      -0.0003179035267500165,
      -0.0007599293538166096,
      -6.373265657442996e-05,
      -4.6111031759218715e-05,
      -8.904242573701965e-06,
      4.165030925805995e-06,
      -3.180544015822265e-05,
      -3.794251480463856e-05,
      -1.0222622586229176e-05,
      1.3283707945302335e-06,
      -2.633144017967333e-06,
      5.525309931097858e-07,
      -7.630088636393386e-06,
      6.254912229426084e-08,
      -7.976019214037902e-06,
      -6.4891052360987295e-06,
      -3.002929231164126e-06,
      2.6327666073832674e-08,
      -5.170691948014898e-06
    ],
    [
      -0.0008891915923081985,
      5.759092501871702e-09,
      1.2056552271037716e-08,
      7.413064503426456e-08,
      1.4908542490287933e-07,
      1.4555409660709555e-07,
      -3.1851158480463306e-07,
      -2.8499566831495635e-06,
      -1.816695477771248e-06,
      -2.425031117138218e-06,
      7.468968779138109e-07,
      -1.3314937861842317e-07,
      -3.2216781028382636e-06,
      -1.1752194621202399e-05,
      -1.5624868979355213e-06,
      1.0879668044377668e-06,
      -3.333870516784299e-07,
      1.9369025009156145e-06,
      5.296515986156785e-07,
      -3.0765661489316227e-06,
      9.179887490915667e-07
    ],
    [
      -0.0008891625207921923,
      -5.952619122489461e-07,
      -6.304857095933403e-07,
      -6.033111419572104e-07,
      -5.204796121481166e-07,
      -3.9203986862409965e-07,
      -2.2917193896772656e-07,
      -4.137056556419834e-08,
      1.673678174646762e-07,
      4.043877367564108e-07,
      6.990321984268095e-07,
      1.4579595887445718e-06,
      1.9563725213288955e-06,
      8.672492699925288e-07,
      -2.225899610429946e-06,
      2.0068759315916388e-07,
      -3.4550484208202793e-06,
      -7.625101706968034e-07,
      -5.136985468113119e-06,
      2.9075577054362195e-06,
      -5.930281802004805e-07
    ],
    [
      -0.0008891568707472649,
      -9.77261837031963e-07,
      -1.1865819197496e-06,
      -1.3440942067955659e-06,
      -1.4428242147236236e-06,
      -1.4849397476312702e-06,
      -1.4796143865432605e-06,
      -1.439797780555244e-06,
      -1.3789306060961506e-06,
      -1.3075518000666086e-06,
      -1.2276542574758899e-06,
      -1.1179337818727056e-06,
      -8.918444714772613e-07,
      -3.0898206830542355e-07,
      4.86770390929653e-07,
      2.7769738421284105e-07,
      -7.031939279804084e-07,
      -6.775456469055e-07,
      -4.800465942279147e-06,
      -1.9603736055771297e-07,
      -8.090555396849073e-07
    ],
    [
      -0.000889143376209226,
      -1.1150931145642043e-06,
      -1.4884089488397977e-06,
      -1.8152364436380078e-06,
      -2.06705918080404e-06,
      -2.2351420658703624e-06,
      -2.3272395455839345e-06,
      -2.3607895321348456e-06,
      -2.3567022491121804e-06,
      -2.335495855468723e-06,
      -2.315342327022627e-06,
      -2.3095146897524692e-06,
      -2.31546397426218e-06,
      -2.269624539125388e-06,
      -1.8876744692080467e-06,
      -1.0032927623345493e-07,
      -2.578393283466907e-07,
      -1.2874992418994002e-06,
      -1.9357975838083112e-06,
      -1.9468716934533008e-06,
      -6.947861630340248e-06
    ],
    [
      -0.0008891501220194501,
      -1.1569620178128163e-06,
      -1.70291706829299e-06,
      -2.1982849511156767e-06,
      -2.580433357889746e-06,
      -2.8305389281909932e-06,
      -2.9631804729829095e-06,
      -3.0085572842498056e-06,
      -2.9992515862358218e-06,
      -2.9641687672780333e-06,
      -2.9276843230234234e-06,
      -2.911525680104682e-06,
      -2.9372549947023278e-06,
      -3.023718386210211e-06,
      -3.149927032037484e-06,
      -3.0572926583037606e-06,
      -1.3686457710393822e-06,
      -1.212991750869744e-06,
      -2.5066608034460045e-07,
      -1.0437770336656672e-06,
      -8.044914982911739e-07
    ],
    [
      -0.0008891236858964478,
      -1.1911414584301368e-06,
      -1.9496042544110337e-06,
      -2.625637171107462e-06,
      -3.107222710021739e-06,
      -3.3807877765550277e-06,
      -3.4896088552074473e-06,
      -3.4903897010017558e-06,
      -3.431663328888904e-06,
      -3.3489467603696346e-06,
      -3.2672584187210188e-06,
      -3.205710197414568e-06,
      -3.182614140917584e-06,
      -3.2215430365722244e-06,
      -3.357902427954183e-06,
      -3.6234765671371837e-06,
      -3.8243966989173924e-06,
      -2.235862630908728e-06,
      -2.2001751240038986e-06,
      -6.314840035221673e-07,
      -4.738397462076372e-07
    ],
    [
      -0.0008891433617394217,
      -1.2810042917716998e-06,
      -2.32816165400429e-06,
      -3.181902746459225e-06,
      -3.6866417670974867e-06,
      -3.889935092698709e-06,
      -3.90066522969418e-06,
      -3.810752177324448e-06,
      -3.6796711494470097e-06,
      -3.5418165015531554e-06,
      -3.4165398336933356e-06,
      -3.3157397509402784e-06,
      -3.249224819216432e-06,
      -3.2294653444375055e-06,
      -3.278293256162137e-06,
      -3.4399111488310495e-06,
      -3.7947294537841084e-06,
      -4.264250221667051e-06,
      -2.538660283260884e-06,
      -2.863211096444049e-06,
      -1.5957918979597196e-06
    ],
    [
      -0.000889082477520122,
      -1.5074572926204957e-06,
      -2.946301811485427e-06,
      -3.881553681528638e-06,
      -4.240996324172378e-06,
      -4.251762283582367e-06,
      -4.107177375429096e-06,
      -3.913315233597892e-06,
      -3.719117256732965e-06,
      -3.544847338347163e-06,
      -3.3980702535390692e-06,
      -3.2815616309497145e-06,
      -3.197307901245215e-06,
      -3.1490841456513235e-06,
      -3.1453991426531772e-06,
      -3.205456637625959e-06,
      -3.37520742538813e-06,
      -3.7679949317993464e-06,
      -4.4544317022713446e-06,
      -2.7057160667138233e-06,
      -3.2519358011963243e-06
    ],
    [
      -0.0008890599135688104,
      -2.038566525526231e-06,
      -3.879560111785835e-06,
      -4.550576550672771e-06,
      -4.5266151214987916e-06,
      -4.276310362855699e-06,
      -3.993848248619898e-06,
      -3.7400914769812775e-06,
      -3.52840978591268e-06,
      -3.3574920932780013e-06,
      -3.222590478554743e-06,
      -3.1192205305354424e-06,
      -3.044394852969293e-06,
      -2.9972228680679543e-06,
      -2.9797089818767756e-06,
      -2.9986026591983857e-06,
      -3.070474883431178e-06,
      -3.238089317308975e-06,
      -3.629020858977715e-06,
      -4.4694217695134845e-06,
      -3.812779371151245e-06
    ],
    [
      -0.0008890213095119553,
      -3.2656349698310814e-06,
      -4.8198192962104e-06,
      -4.647728216056812e-06,
      -4.197939141086702e-06,
      -3.8081635587557346e-06,
      -3.5114973189797363e-06,
      -3.2907325609737953e-06,
      -3.1264745457944436e-06,
      -3.0041583222163426e-06,
      -2.9137613246940264e-06,
      -2.8486514393089757e-06,
      -2.8047019265644335e-06,
      -2.779800491849772e-06,
      -2.7737568604736746e-06,
      -2.7887248508455826e-06,
      -2.830623225653536e-06,
      -2.9133581582561398e-06,
      -3.0737521897341927e-06,
      -3.438373864803626e-06,
      -4.376039458308791e-06
    ],
    [
      -0.0008887753759695451,
      -5.053024090647771e-06,
      -4.261454244043195e-06,
      -3.546798041971807e-06,
      -3.1410377315746147e-06,
      -2.898661163664007e-06,
      -2.745607256523925e-06,
      -2.64568267004641e-06,
      -2.579873490488403e-06,
      -2.537486935717701e-06,
      -2.5122127199765057e-06,
      -2.500253690529203e-06,
