{
  "timestamp": "2025-11-28T18:36:17.877576",
  "K_values": [
    0.1,
    0.15,
    0.2,
    0.25,
    0.3,
    0.35,
    0.4,
    0.45,
    0.5,
    0.55,
    0.6,
    0.65,
    0.7,
    0.75,
    0.8,
    0.85,
    0.9,
    0.95,
    1.0
  ],
  "sigma_values": [
    0.0,
    0.02,
    0.04,
    0.06,
    0.08,
    0.1,
    0.12,
    0.14,
    0.16,
    0.18,
    0.2,
    0.22,
    0.24,
    0.26,
    0.28,
    0.3,
    0.32,
    0.34,
    0.36,
    0.38,
    0.4
  ],
  "surface": [
    [
      0.9999977704145921,
      -0.07088948984329733,
      -0.12352815518982938,
      -0.14292785860009166,
      -0.06901990670483109,
      -0.054972528010402456,
      -0.026901274663562635,
      -0.0059568278707422175,
      0.027302727838399765,
      0.042991689919265344,
      0.03934234726796306,
      0.02938161050353385,
      -0.007360488375661852,
      -0.014011079266108433,
      -0.020239452253698456,
      -0.0052301676595944814,
      -0.016961960075288253,
      -0.011848273136365167,
      0.014846253301238321,
      -0.009013723075641716,
      -0.014637715751375952
    ],
    [
      0.9542662859319847,
      0.0007333929681620568,
      -0.0007114227385091248,
      -0.0022459174097027336,
      -0.003942565742371872,
      -0.0059660211303424375,
      -0.008824497583159832,
      -0.01663597600292539,
      -0.01931106763942105,
      -0.012594088202870382,
      -0.013098073763660173,
      0.0014817356243703142,
      -0.010512064605938209,
      0.020320334609398156,
      -0.010262858812740841,
      -0.006439875577851206,
      0.002697657786212208,
      0.005902959300105065,
      0.002479121272580686,
      0.012072830086316318,
      -0.0051043658342675765
    ],
    [
      0.9542407097707593,
      0.003278774071788549,
      0.002826285051402007,
      0.0023346685010730353,
      0.001811679606875343,
      0.0012657623155404767,
      0.0007032296035850439,
      0.00012320584167650707,
      -0.0004944607997328451,
      -0.0012298029715938912,
      -0.0026441028137697284,
      -0.006093243186405318,
      -0.007689913812637676,
      -0.006448379597822717,
      0.005968704122718627,
      -0.0008521845038786731,
      0.006087980187791657,
      0.0032994278863850792,
      0.01071072476518171,
      -0.012679057524799914,
      0.002198718126409963
    ],
    [
      0.9542397767223886,
      0.004005577383444178,
      0.004046145806212868,
      0.004017890639313839,
      0.003927877687207064,
      0.003788594222101805,
      0.0036156444555001587,
      0.003425445721610687,
      0.003232971256855737,
      0.0030482201995089353,
      0.0028667963768218277,
      0.0026404987476103215,
      0.0021838913163545856,
      0.0008776448026283353,
      -0.0017497956136100254,
      -0.0006526488755285873,
      0.0017559796434476042,
      0.0026112160359273674,
      0.010320265431942525,
      0.00047555376762383817,
      0.0020553101144988525
    ],
    [
      0.9542407298949545,
      0.0041610476054624425,
      0.004592551036853678,
      0.004917930567614741,
      0.00513608222808541,
      0.005259739028398428,
      0.005310004962647337,
      0.005311271507212048,
      0.005288055815208172,
      0.005263775502882409,
      0.0052602166367147875,
      0.0052940803979227595,
      0.00535831010892465,
      0.005344205917017668,
      0.004726447812339357,
      0.0003464570905774428,
      0.0008254960284339024,
      0.003143611617898582,
      0.004423020693821196,
      0.004682049593918774,
      0.015667852587972146
    ],
    [
      0.9542411187819086,
      0.004139652799066446,
      0.004961384396666331,
      0.0056205088232816666,
      0.006102410893462473,
      0.006424601707816955,
      0.006621175100335051,
      0.00673008936794513,
      0.006786624832029171,
      0.006821957792580613,
      0.006864805698978878,
      0.0069446363112245085,
      0.007094698244756064,
      0.007346682394597004,
      0.007672778335051633,
      0.007682954206127723,
      0.00451568189688427,
      0.003696713226143983,
      0.0008504297945566535,
      0.003308325849944412,
      0.002215226579029701
    ],
    [
      0.9542363928865443,
      0.004123458994453629,
      0.00539279606796258,
      0.006394526436030658,
      0.0071023515480553535,
      0.00755802272927292,
      0.007827104713145428,
      0.007971952874699945,
      0.008042575440039395,
      0.008077130605233622,
      0.008105938354559392,
      0.008156501474214642,
      0.008259398873106985,
      0.00845614445881104,
      0.008807672910458208,
      0.009368558733483478,
      0.009876368443926083,
      0.007306648372579787,
      0.006804659738877915,
      0.002223215512068031,
      0.001833987748777925
    ],
    [
      0.954240420293412,
      0.0042442819619353585,
      0.006064497528465338,
      0.007402585364891842,
      0.008256714505301858,
      0.008745201513728738,
      0.00899516313507112,
      0.009102910355730085,
      0.009132837321347762,
      0.009126729178773729,
      0.009112917407228659,
      0.009113325453369354,
      0.009149208344456322,
      0.009247373273218052,
      0.00945006995771019,
      0.009834083925051052,
      0.010527104007778506,
      0.011430843131140766,
      0.008747838453594633,
      0.00898280497838178,
      0.005786623991393373
    ],
    [
      0.9542258920410072,
      0.004664069856313133,
      0.007155941495282553,
      0.008726102405839454,
      0.0095502916951226,
      0.009921591107849431,
      0.010050396875238465,
      0.010058632653688447,
      0.010012510072307426,
      0.009948029094515785,
      0.009885944878891198,
      0.009840138849303784,
      0.009822706104947862,
      0.009847988565059054,
      0.009937620310655695,
      0.010130335748626294,
      0.010506767604648767,
      0.011246716071399106,
      0.012457197482440122,
      0.009654142943324284,
      0.010410979628205624
    ],
    [
      0.9542322922739362,
      0.005675788472772572,
      0.008829235089913994,
      0.010270480161539757,
      0.010772564933413328,
      0.010871066316693285,
      0.01081285916355174,
      0.010702089255287319,
      0.01058227001472196,
      0.010471825989190314,
      0.010379005694160079,
      0.010308402496910363,
      0.010264160039121817,
      0.010252064553416363,
      0.010281770700205204,
      0.010370579456347319,
      0.010552235783851515,
      0.010903135910431225,
      0.011630238767913026,
      0.013067905528228901,
      0.012338986937927919
    ],
    [
      0.9542186439539238,
      0.007880264584743965,
      0.010929350933098683,
      0.011529497761636486,
      0.011468429287781409,
      0.011269233195667593,
      0.01106607595014053,
      0.010890870609550022,
      0.01074816183659456,
      0.010635591336893718,
      0.010549832665737743,
      0.01048839182622958,
      0.010450243000315957,
      0.01043626295192408,
      0.010449898644412597,
      0.010498503501091957,
      0.010596281888730266,
      0.010771839643841787,
      0.01109297775485125,
      0.011772220496799823,
      0.013373592583610672
    ],
    [
      0.9542051540212244,
      0.0116086071448498,
      0.011940946649040083,
      0.01145362445406455,
      0.011082365902069199,
      0.010831025030135687,
      0.010660912393073589,
      0.010545059654230086,
      0.010466742872002619,
      0.01041562595084215,
      0.010385312932392973,
      0.010371982101974117,
      0.010373675086916856,
      0.010390006646629039,
      0.01042221129765622,
      0.010473573585947586,
      0.01055048273524142,
      0.010664839964175315,
      0.010840340054001044,
      0.011134353408322034,
      0.011749862343278133
    ],
    [
      0.9538324663427209,
      0.008265323412498582,
      0.008964090129207763,
      0.009227666823275553,
      0.009386117706809426,
      0.00950305235527264,
      0.009599395137955524,
      0.009684145646188691,
      0.009761924861408052,
      0.009835473321049814,
