{
  "K_values": [
    0.1,
    0.15000000000000002,
    0.2,
    0.25,
    0.30000000000000004,
    0.35,
    0.4,
    0.45000000000000007,
    0.5,
    0.55,
    0.6,
    0.65,
    0.7000000000000001,
    0.75,
    0.8,
    0.85,
    0.9,
    0.9500000000000001,
    1.0
  ],
  "sigma_values": [
    0.0,
    0.02,
    0.04,
    0.06,
    0.08,
    0.1,
    0.12,
    0.14,
    0.16,
    0.18,
    0.2,
    0.22,
    0.24,
    0.26,
    0.28,
    0.3,
    0.32,
    0.34,
    0.36,
    0.38,
    0.4
  ],
  "chi_angle": [
    [
      -0.1538483685494585,
      -0.308444541847952,
      -0.6210817563482518,
      -0.9444929658143475,
      -1.2886438768795916,
      -1.6718685236551845,
      -2.133219454335611,
      -2.8671014915411686,
      -3.494304522871372,
      -4.151209445108461,
      -4.529165674280589,
      -5.357959379516519,
      -4.660410265464876,
      -3.7644746069698254,
      -5.059955585602255,
      -5.347744938584464,
      -5.656418901316246,
      -4.809338620730036,
      -3.8473252476454833,
      -5.14311683117758,
      -5.996603751853069
    ],
    [
      -0.09087761803032723,
      -0.1875234688235805,
      -0.38035921289819585,
      -0.5747914622929562,
      -0.7735870349017016,
      -0.9770145864290036,
      -1.187388313075155,
      -1.4104911995659664,
      -1.653406824352044,
      -1.9301196157340605,
      -2.3069399293578097,
      -2.7953408466029783,
      -3.0220343192476684,
      -3.6652311685760774,
      -3.4936644695031216,
      -3.5654600665044778,
      -4.00683830712778,
      -4.01937481366893,
      -4.302609915422606,
      -4.041771102839981,
      -3.989702392273531
    ],
    [
      -0.07185992608083058,
      -0.14229281064360721,
      -0.28347402794897114,
      -0.4255835761379334,
      -0.5692485554889881,
      -0.7151806951135153,
      -0.8642258982037521,
      -1.0174400777045567,
      -1.1762155039165112,
      -1.3425121872890022,
      -1.5193361923638071,
      -1.7119208111367912,
      -1.9316919614253192,
      -2.2266558753637256,
      -2.638990464693902,
      -2.8813224557331707,
      -2.860428895961442,
      -2.9595778461867006,
      -3.2359298877573384,
      -3.790971708954838,
      -4.195973386926788
    ],
    [
      -0.05711643756316498,
      -0.11320558385323753,
      -0.22556476756994126,
      -0.33845090626953844,
      -0.45220684854141435,
      -0.5672074982220776,
      -0.6838762016362354,
      -0.8027072481457953,
      -0.924298727191486,
      -1.0494035947079317,
      -1.1790146400969648,
      -1.3145176892629618,
      -1.4579996739325973,
      -1.6129891460841872,
      -1.7867832261407202,
      -2.0011038348666577,
      -2.3526498899584913,
      -2.504684908476784,
      -2.391410811454864,
      -2.689100707317904,
      -3.022016223805557
    ],
    [
      -0.04566600947244481,
      -0.09251534973774289,
      -0.18633434992270104,
      -0.28050079543731066,
      -0.37523456608237193,
      -0.47077141978459913,
      -0.567370548040913,
      -0.6653243832339784,
      -0.7649720058139575,
      -0.8667184582887844,
      -0.9710642269474712,
      -1.0786533897224393,
      -1.1903585576553022,
      -1.3074445645976485,
      -1.4319445763492644,
      -1.5680347581069731,
      -1.7293699416031538,
      -1.8950664199275824,
      -2.100626089948865,
      -2.2923457752926035,
      -2.3545348940588795
    ],
    [
      -0.041334387714209164,
      -0.08136160071297027,
      -0.16150176630773672,
      -0.24188828496490844,
      -0.3226745068696024,
      -0.40402284776023256,
      -0.48610892427577435,
      -0.5691267418294621,
      -0.6532955076164471,
      -0.7388689931568715,
      -0.8261490540938166,
      -0.915506375593711,
      -1.0074149628963802,
      -1.1025155030570222,
      -1.2017428292388832,
      -1.30660321687589,
      -1.4203030041160747,
      -1.5604717426379144,
      -1.6705113563697194,
      -1.7907420278302277,
      -1.8814764575553422
    ],
    [
      -0.03344188865979092,
      -0.06866692806223318,
      -0.1391829011787027,
      -0.2098867668301474,
      -0.2808930289612599,
      -0.35232194284006146,
      -0.4243020610768755,
      -0.4969733527324438,
      -0.5704911887545738,
      -0.6450316472181306,
      -0.7207988816215649,
      -0.7980358661662801,
      -0.8770411080629703,
      -0.9581972436018771,
      -1.0420271979239781,
      -1.1283325291962298,
      -1.2190862627200372,
      -1.3184419155163885,
      -1.4567869614932394,
      -1.5193043457215838,
      -1.4957240035245567
    ],
    [
      -0.03078172889590114,
      -0.062087961996148966,
      -0.12475218935927845,
      -0.18756345559928222,
      -0.2506103365666146,
      -0.31398526107786484,
      -0.37778618101934613,
      -0.4421185791907978,
      -0.5070979811110266,
      -0.5728532211644599,
      -0.6395308580406045,
      -0.7073013950699147,
      -0.7763684722861375,
      -0.8469833538056748,
      -0.9194702542356215,
      -0.9942791217568692,
      -1.0721236424028668,
      -1.154360817827993,
      -1.2440648550489208,
      -1.3674914829480245,
      -1.4436580318373249
    ],
    [
      -0.028496592465732107,
      -0.056683320746053756,
      -0.11309866292195103,
      -0.1696326002086912,
      -0.22635586562379517,
      -0.28334189652232666,
      -0.3406679868106277,
      -0.3984166494109931,
      -0.45667728927737405,
      -0.5155483354525203,
      -0.5751400615935487,
      -0.6355784643308215,
      -0.6970108210878845,
      -0.7596140360248693,
      -0.8236079564931442,
      -0.8892788545408314,
      -0.9570298508383424,
      -1.0275305273772628,
      -1.1022548129023035,
      -1.1849004467198165,
      -1.2288670551046987
    ],
    [
      -0.02652063992025777,
      -0.05216252571891289,
      -0.10348098512248383,
      -0.15489737299643203,
      -0.20646958641181712,
      -0.25825749069754433,
      -0.310323745521901,
      -0.3627347669559189,
      -0.41556188845380815,
      -0.46888281234138685,
      -0.5227834910839668,
      -0.5773606589103086,
      -0.6327253770604835,
      -0.6890082151142063,
      -0.746367184844976,
      -0.8050005809637772,
      -0.8651696311553714,
      -0.9272469038751341,
      -0.9918723244257577,
      -1.0606946427413222,
      -1.0964628725484982
    ],
    [
      -0.024799363617500347,
      -0.048324067523553005,
      -0.09540273939143695,
      -0.14256381093828985,
      -0.1898556196544332,
      -0.23732797881204082,
      -0.28484678778589734,
      -0.33207485889591437,
      -0.3798657764552682,
      -0.4286745891438404,
      -0.47796122167329536,
      -0.5278024068523179,
      -0.578284910033644,
      -0.6295088814576966,
      -0.681592859282576,
      -0.7346816021632008,
      -0.7889590052165718,
      -0.8446709530777863,
      -0.9021730727147181,
      -0.9620902832854772,
      -0.992755516267052
    ],
    [
      -0.02043023292082058,
      -0.042254816340714374,
      -0.08592959564236446,
      -0.12967596352817523,
      -0.1735351094961035,
      -0.21754936809932346,
      -0.26176268602382535,
      -0.30622115205664047,
      -0.35097361716934783,
      -0.3960724428007101,
      -0.4415744329986815,
      -0.4875420352700388,
      -0.5340449450164653,
      -0.5811623371379415,
      -0.6289861112210193,
      -0.6776258451305361,
      -0.727216751164228,
      -0.7779331207910856,
      -0.8295597981924807,
      -0.8828477894616604,
      -0.9101734144637996
    ],
    [
      -0.019265681484070818,
      -0.03955018227641549,
      -0.08014142057167772,
      -0.12079466232869374,
      -0.16154533132237692,
      -0.20242975101134597,
      -0.2434855071981712,
      -0.2847518547346106,
      -0.3262701867474127,
      -0.3680845916597564,
      -0.4102425341499516,
      -0.4527957138516392,
      -0.4958011854344635,
      -0.5393228756191304,
      -0.583433727029592,
      -0.6282188767745334,
      -0.673780625849485,
      -0.7202466548405617,
