{
  "K_values": [
    0.1,
    0.15000000000000002,
    0.2,
    0.25,
    0.30000000000000004,
    0.35,
    0.4,
    0.45000000000000007,
    0.5,
    0.55,
    0.6,
    0.65,
    0.7000000000000001,
    0.75,
    0.8,
    0.85,
    0.9,
    0.9500000000000001,
    1.0
  ],
  "sigma_values": [
    0.0,
    0.02,
    0.04,
    0.06,
    0.08,
    0.1,
    0.12,
    0.14,
    0.16,
    0.18,
    0.2,
    0.22,
    0.24,
    0.26,
    0.28,
    0.3,
    0.32,
    0.34,
    0.36,
    0.38,
    0.4
  ],
  "echo_angle": [
    [
      1.0,
      0.5786273291081647,
      0.5702755589735005,
      0.5617526411992708,
      0.5531822311281314,
      0.5448135465927791,
      0.5372266574368846,
      0.5374189913197167,
      0.5328467729257386,
      0.5370203924104917,
      0.5198140725971693,
      0.5030345185113986,
      0.484075985005493,
      0.49715188215504497,
      0.5529935170936687,
      0.5886173278677788,
      0.5603764742608021,
      0.509986663238272,
      0.5543085589802609,
      0.5628111832303447,
      0.567528389833512
    ],
    [
      1.0,
      0.49533838479082554,
      0.5832071492332227,
      0.583909593745673,
      0.5805530564942954,
      0.5757701421938513,
      0.5806193452197804,
      0.5737954748742861,
      0.5664768915111065,
      0.5584603939472462,
      0.5493659810753805,
      0.5386298285767673,
      0.5304528341201562,
      0.5244637513623572,
      0.5138631800218346,
      0.5079258334824327,
      0.5079069016406131,
      0.5191465651117185,
      0.5712642340239641,
      0.5832609524243695,
      0.5903296000641918
    ],
    [
      1.0,
      0.641536515797658,
      0.6253775422740435,
      0.6139685014328053,
      0.605801252138603,
      0.5991852107016525,
      0.59331609688672,
      0.5877633952552138,
      0.5822526043982599,
      0.5765692765684453,
      0.5705048053885617,
      0.5638075608700818,
      0.5561026602315878,
      0.546671479525285,
      0.5335266574786774,
      0.5251924224501359,
      0.5174119269474621,
      0.5088909420816846,
      0.5238326604797425,
      0.5272829624339627,
      0.542071051966876
    ],
    [
      1.0,
      0.6420578323110182,
      0.6261379564236007,
      0.6153043572258897,
      0.6079586611741609,
      0.6023460446914224,
      0.5976419588801121,
      0.5934189130147808,
      0.5894217732585142,
      0.5854727058874238,
      0.5814249672659603,
      0.577134968218475,
      0.5724387906637213,
      0.567122561150778,
      0.5608636768025569,
      0.5530619199766861,
      0.5423420136505641,
      0.5277622899812423,
      0.5248851400588687,
      0.5298268698079435,
      0.527689846199401
    ],
    [
      1.0,
      0.4883224376419663,
      0.5291887583335578,
      0.5468876399000232,
      0.5555307024749259,
      0.560205859878779,
      0.562836122142479,
      0.5642682488042988,
      0.5649177009597931,
      0.5649999374416849,
      0.5646245420259751,
      0.5638364278322109,
      0.5626331644039452,
      0.5609689685236686,
      0.5587489373635709,
      0.5558111280621786,
      0.5518337576628648,
      0.5590587264159782,
      0.5526027590884713,
      0.5474656574597452,
      0.5295689561127017
    ],
    [
      1.0,
      0.628154613642759,
      0.6296851191788221,
      0.6198905997021815,
      0.6115308710997819,
      0.6050900606746001,
      0.6000416036552512,
      0.5959461164311679,
      0.5925026462631794,
      0.5895038127360289,
      0.5867981341048741,
      0.5842647894418521,
      0.5817958844673993,
      0.5792813994566454,
      0.5765920480467946,
      0.573555274689665,
      0.5699262713157599,
      0.5652659394386863,
      0.5575781926729512,
      0.5562434972706701,
      0.5551609368211228
    ],
    [
      1.0,
      0.4498106763338703,
      0.4642786944139597,
      0.48718617523371704,
      0.5034692295455628,
      0.5146336377410352,
      0.5225128385315925,
      0.5282800333509479,
      0.5326452945571102,
      0.5360440946090322,
      0.5387497055431453,
      0.5409360197656351,
      0.5427124401662815,
      0.5441428875210957,
      0.5452548188507759,
      0.5460398905291045,
      0.5634333901058394,
      0.5622409894303545,
      0.5604041870682193,
      0.5565965071555541,
      0.5588238824160848
    ],
    [
      1.0,
      0.4783659988856361,
      0.5133110005512879,
      0.5270829569791385,
      0.5340275873819773,
      0.5381380809752547,
      0.5408468311464009,
      0.5427803016800657,
      0.5442517352559241,
      0.5454325370180707,
      0.5464218182755819,
      0.5472777890130941,
      0.54803277855075,
      0.5487002096157062,
      0.5492767628395258,
      0.5497403652954661,
      0.5500415204205672,
      0.5500771052080694,
      0.5496274036308036,
      0.5483362341484158,
      0.5450368504621806
    ],
    [
      1.0,
      0.5912153763194768,
      0.5719709962129156,
      0.5634152573422768,
      0.5587375269463335,
      0.5558226051141576,
      0.5538686555883715,
      0.552509787413927,
      0.5515554416998432,
      0.5508959213924634,
      0.5504625169957977,
      0.5502084733183915,
      0.550098763648229,
      0.5501037231972434,
      0.5501941337000961,
      0.550336175757416,
      0.5504843756876406,
      0.5505677655598188,
      0.5504494996500875,
      0.5497935625798306,
      0.5479875029417349
    ],
    [
      1.0,
      0.5949314189345037,
      0.5918461912605132,
      0.5806762541064975,
      0.5718775533919849,
      0.5655287197354362,
      0.5609140501846683,
      0.5574979949796964,
      0.5549336288720617,
      0.5529969560149699,
      0.5515395081084785,
      0.5504594003152065,
      0.5496838044167706,
      0.5491578692806077,
      0.5488370631223711,
      0.5486809780514547,
      0.5486470015621746,
      0.5486818157780954,
      0.5487054352787305,
      0.5485610782109296,
      0.5477867843186196
    ],
    [
      1.0,
      0.5777865336372221,
      0.5888243241931338,
      0.5835764936398686,
      0.575839020596673,
      0.5689392013291276,
      0.5633543057447369,
      0.5226645213685968,
      0.5225346327639468,
      0.5228069850853452,
      0.5233362776900282,
      0.5240458560945194,
      0.5248954388080779,
      0.5258645434423316,
      0.5269437649533119,
      0.5281299447969546,
      0.5294231456138975,
      0.5308241485014685,
      0.5323314112713954,
      0.5339364020930217,
      0.5356150615401859
    ],
    [
      1.0,
      0.44890444680910874,
      0.4301138601928647,
      0.44089217041909873,
      0.45326459472414166,
      0.4630129496066597,
      0.47053629127220803,
      0.4764798039366469,
      0.48131433201415014,
      0.4853617345590903,
      0.4888439343947251,
      0.49191750495170883,
      0.4946958591705148,
      0.49726341744831487,
      0.4996847807182531,
      0.502010750280087,
      0.5042822542044135,
      0.5065327005187823,
      0.5087888046687216,
      0.520756957408614,
      0.5228006972768832
    ],
    [
      1.0,
      0.4376051980300483,
      0.4324745928380642,
      0.4476407378445815,
      0.45942158334205746,
      0.46780490350737236,
      0.47400261412005334,
      0.4787917520426266,
      0.48264398931793195,
      0.48585591046025733,
      0.4886220468626002,
      0.49107517442503806,
      0.49330934709439517,
      0.49539360525321285,
      0.4973804522964322,
      0.4993112761368179,
      0.5012198973781294,
      0.5031348612984055,
      0.5050806923728329,
      0.5070779002711644,
      0.5091408484548644
    ],
    [
      1.0,
      0.42866243339559484,
      0.4398870728405944,
      0.4557003709329193,
      0.4656905650492343,
      0.4723801969604868,
      0.4771918144914527,
      0.48086165921419805,
      0.48380089869281634,
      0.48625594435800606,
      0.48838338471610454,
      0.4902878250710594,
      0.4920423266440346,
      0.493700097123906,
      0.49530152049012016,
      0.4968785801603988,
