{
  "K_values": [
    0.1,
    0.15000000000000002,
    0.2,
    0.25,
    0.30000000000000004,
    0.35,
    0.4,
    0.45000000000000007,
    0.5,
    0.55,
    0.6,
    0.65,
    0.7000000000000001,
    0.75,
    0.8,
    0.85,
    0.9,
    0.9500000000000001,
    1.0
  ],
  "sigma_values": [
    0.0,
    0.02,
    0.04,
    0.06,
    0.08,
    0.1,
    0.12,
    0.14,
    0.16,
    0.18,
    0.2,
    0.22,
    0.24,
    0.26,
    0.28,
    0.3,
    0.32,
    0.34,
    0.36,
    0.38,
    0.4
  ],
  "S_star": [
    [
      2.8284271247461903,
      2.825350157375201,
      2.816089343072272,
      2.800506887121271,
      2.7783096244396983,
      2.7489611320460874,
      2.711434883493491,
      2.663632353872663,
      2.596750823831844,
      2.523860172957808,
      2.4307024460275057,
      2.3426935459865845,
      2.216384070846845,
      2.1562771353679895,
      2.065805086568052,
      1.9538789119438993,
      1.8518952890246734,
      1.7276221558912495,
      1.659521744195472,
      1.5737291459854301,
      1.4537970709483687
    ],
    [
      2.8274947264192076,
      2.825677174058601,
      2.8199937876662644,
      2.8104628055426732,
      2.797002129174546,
      2.779519324146605,
      2.757921545717386,
      2.732023791623599,
      2.7015018977347474,
      2.6658875186495172,
      2.624297113105385,
      2.573609921475205,
      2.512483479241266,
      2.452728548705298,
      2.3658742324982227,
      2.3129819699251732,
      2.2232558298380436,
      2.152708437640062,
      2.0624808372912864,
      1.9806040410231578,
      1.9008099931776872
    ],
    [
      2.828309521569038,
      2.8268723230474215,
      2.822617809143294,
      2.8155333619294627,
      2.8055944660977765,
      2.792763419709903,
      2.776987238293236,
      2.758194383781753,
      2.7362896351850536,
      2.7111457636250926,
      2.6825891476934935,
      2.6503723159305403,
      2.614112315248022,
      2.5731046374735276,
      2.525046080233473,
      2.4675450188857715,
      2.409793182004146,
      2.353127863047314,
      2.291410068156678,
      2.2236906675370203,
      2.1397711997984845
    ],
    [
      2.8283347600083197,
      2.8271924312570564,
      2.8238065366541902,
      2.818169840554259,
      2.8102685004034087,
      2.800081566612602,
      2.7875802004745256,
      2.772726518547153,
      2.755471910548694,
      2.7357545694594934,
      2.7134957667603765,
      2.6885939838556148,
      2.660915059189858,
      2.630273996898311,
      2.5963954933464906,
      2.558802667852682,
      2.5163513399518243,
      2.4646966722543424,
      2.416163943612753,
      2.369040239796148,
      2.3085999153200367
    ],
    [
      2.828275091526501,
      2.8273617713370522,
      2.8245744775369914,
      2.819908397340144,
      2.813354445719499,
      2.8048990146968493,
      2.794523588928115,
      2.782204192775213,
      2.767910613598756,
      2.7516053125426545,
      2.7332418752672045,
      2.7127627434647557,
      2.690095739678307,
      2.6651484011585436,
      2.637797957094401,
      2.607870618104573,
      2.575076566770122,
      2.538695820440447,
      2.499273909973019,
      2.4546707768424922,
      2.4075800789613147
    ],
    [
      2.828160451285756,
      2.8273337635314717,
      2.824905987257237,
      2.8208736928791622,
      2.8152304558586407,
      2.807966712604378,
      2.7990695419482314,
      2.788522355633347,
      2.776304472275053,
      2.7623905353286893,
      2.746749712548778,
      2.7293445731649366,
      2.7101294575250297,
      2.6890479746490814,
      2.6660288374027488,
      2.640978261479526,
      2.613764708727713,
      2.584166141314883,
      2.5513458390221966,
      2.5173456870600943,
      2.4797161579089875
    ],
    [
      2.827826539686523,
      2.827157701913327,
      2.8250798625640337,
      2.821590385866179,
      2.8166843918908278,
      2.8103546647077287,
      2.8025915141772253,
      2.7933825822646536,
      2.7827125800679275,
      2.7705629347144707,
      2.7569113141792023,
      2.741730979449608,
      2.724989879532551,
      2.7066493351270893,
      2.686661989788476,
      2.66496824721013,
      2.641528688620627,
      2.6162047967013287,
      2.5887910119999713,
      2.557933318241599,
      2.528018838171108
    ],
    [
      2.8283651243316936,
      2.8277494897537756,
      2.8258816058518477,
      2.8227594021794045,
      2.8183790676278764,
      2.81273498871674,
      2.805819657184762,
      2.797623541475966,
      2.78813491401713,
      2.777339622231525,
      2.7652207851705515,
      2.751758387909901,
      2.736928729367755,
      2.7207036490184553,
      2.703049395215528,
      2.6839248388490304,
      2.663278230345253,
      2.6410398931529158,
      2.6171037976321334,
      2.591277298950959,
      2.5624041383142124
    ],
    [
      2.8283978169963397,
      2.827827885147025,
      2.8261304841664976,
      2.823303938630147,
      2.81934518015815,
      2.8142497040051953,
      2.808011504297257,
      2.80062298453277,
      2.792074838320817,
      2.782355892961675,
      2.7714529049027163,
      2.7593502904979332,
      2.7460297663294835,
      2.731469857654418,
      2.7156452048884887,
      2.698525539394692,
      2.6800740507068554,
      2.6602443453611584,
      2.638972829611765,
      2.6161541528450662,
      2.5915768117429723
    ],
    [
      2.828162276946808,
      2.827631864148403,
      2.8260757759180515,
      2.8234926247435035,
      2.819879880998194,
      2.815233841287031,
      2.8095495813702924,
      2.8028208914661548,
      2.7950401906920557,
      2.7861984159280024,
      2.7762848781984,
      2.7652870762846438,
      2.753190451841988,
      2.7399780612022244,
      2.7256301232374196,
      2.7101233738084254,
      2.6934300999988685,
      2.6755165885622105,
      2.656340223843863,
      2.6358416955851802,
      2.6139124381342103
    ],
    [
      2.8277861566805007,
      2.8272901694081507,
      2.8258531939795586,
      2.823474059832493,
      2.820150641542027,
      2.815879835046316,
      2.8106575223895454,
      2.80448596353488,
      2.797374528033709,
      2.7892913324766693,
      2.780227544467955,
      2.7701728836097375,
      2.7591154481938625,
      2.7470414872083917,
      2.7339350929355546,
      2.7197777728370887,
      2.7045478288490266,
      2.688219412628426,
      2.670760990725915,
      2.652132489719837,
      2.632277379394496
    ],
    [
      2.8275686086220824,
      2.827160003963666,
      2.825878415968454,
      2.8237228201379714,
      2.820691377427327,
      2.8167814157581272,
      2.811989402703354,
      2.8063109083171742,
      2.7997405566210882,
      2.7922719636304003,
      2.78389765890906,
      2.774608986310453,
      2.7643959774982583,
      2.7532471885097944,
      2.7411494840127406,
      2.7280877440609537,
      2.714044450207519,
      2.6989990740143845,
      2.6829271253758757,
      2.6658166820866853,
      2.6476132137974093
    ],
    [
      2.827909622456708,
      2.8275243088270265,
      2.8263276151656513,
      2.8243186520041594,
      2.8214958286725036,
      2.8178568387512644,
      2.8133986386320498,
      2.8081174184633375,
      2.8020085644426653,
      2.795066610993441,
      2.787285180776275,
      2.778656909627443,
      2.7691733522222095,
      2.7588248622100644,
      2.7476004371974443,
      2.7354875131288807,
      2.722471682126463,
      2.7085362880949013,
      2.6936618159328405,
      2.6778249138684593,
      2.6609967363080944
    ],
    [
      2.8281356567834863,
      2.8277711297943537,
      2.826648611086236,
      2.8247673202225236,
      2.8221258662922004,
      2.818722236239117,
      2.8145537777059704,
      2.8096171758738406,
      2.803908423555928,
      2.7974227835144725,
      2.7901547415732035,
      2.782097948535554,
      2.773245148088712,
