{
  "metadata": {
    "experiment_id": "E103C",
    "name": "Time-Varying Coupling",
    "description": "Slow modulation of coupling strength with moderate noise",
    "timestamp": "2025-11-15T10:22:00.342888"
  },
  "statistics": {
    "experiment_id": "E103C",
    "name": "Time-Varying Coupling",
    "n_runs": 5,
    "S": {
      "mean": 2.4487122219277104,
      "std": 1.534503365696611e-05,
      "min": 2.448685467944514,
      "max": 2.448727828195008
    },
    "PLI": {
      "mean": 0.9997088892092295,
      "std": 5.996225035499e-06,
      "min": 0.9996980612526705,
      "max": 0.9997149621466379
    },
    "rho_echo": {
      "mean": 0.999999989956201,
      "std": 7.072126348936089e-11,
      "min": 0.9999999898770578,
      "max": 0.9999999900652531
    },
    "violation_rate": 1.0,
    "validation": {
      "expected_S": 2.42,
      "measured_S": 2.4487122219277104,
      "deviation": 0.028712221927710502,
      "tolerance": 0.242,
      "passes": "True"
    }
  },
  "all_runs": [
    {
      "seed": 0,
      "parameters": {
        "K": 0.7,
        "delta_omega": 0.3,
        "sigma": 0.1,
        "angles": {
          "a": 0.0,
          "a_prime": 45.0,
          "b": 22.5,
          "b_prime": 67.5
        },
        "T": 5000,
        "dt": 0.01,
        "transient": 1000,
        "K_modulation": {
          "amplitude": 0.1,
          "frequency": 0.1
        }
      },
      "PLI": 0.9997149621466379,
      "rho_echo": 0.9999999900652531,
      "S": 2.448727828195008,
      "abs_S": 2.448727828195008,
      "correlations": {
        "E_ab": 0.8204063194325503,
        "E_ab_prime": 0.17615727713409676,
        "E_a_prime_b": 0.9840724664640068,
        "E_a_prime_b_prime": 0.8204063194325477
      },
      "violation": true,
      "regime": "rut_plateau"
    },
    {
      "seed": 1,
      "parameters": {
        "K": 0.7,
        "delta_omega": 0.3,
        "sigma": 0.1,
        "angles": {
          "a": 0.0,
          "a_prime": 45.0,
          "b": 22.5,
          "b_prime": 67.5
        },
        "T": 5000,
        "dt": 0.01,
        "transient": 1000,
        "K_modulation": {
          "amplitude": 0.1,
          "frequency": 0.1
        }
      },
      "PLI": 0.9997085424489489,
      "rho_echo": 0.9999999899517723,
      "S": 2.448711102505454,
      "abs_S": 2.448711102505454,
      "correlations": {
        "E_ab": 0.820433299299758,
        "E_ab_prime": 0.1762116974931389,
        "E_a_prime_b": 0.9840562013990802,
        "E_a_prime_b_prime": 0.8204332992997551
      },
      "violation": true,
      "regime": "rut_plateau"
    },
    {
      "seed": 2,
      "parameters": {
        "K": 0.7,
        "delta_omega": 0.3,
        "sigma": 0.1,
        "angles": {
          "a": 0.0,
          "a_prime": 45.0,
          "b": 22.5,
          "b_prime": 67.5
        },
        "T": 5000,
        "dt": 0.01,
        "transient": 1000,
        "K_modulation": {
          "amplitude": 0.1,
          "frequency": 0.1
        }
      },
      "PLI": 0.9996980612526705,
      "rho_echo": 0.9999999898770578,
      "S": 2.448685467944514,
      "abs_S": 2.448685467944514,
      "correlations": {
        "E_ab": 0.8204234672080924,
        "E_ab_prime": 0.1762077303432545,
        "E_a_prime_b": 0.9840462638715856,
        "E_a_prime_b_prime": 0.8204234672080902
      },
      "violation": true,
      "regime": "rut_plateau"
    },
    {
      "seed": 3,
      "parameters": {
        "K": 0.7,
        "delta_omega": 0.3,
        "sigma": 0.1,
        "angles": {
          "a": 0.0,
          "a_prime": 45.0,
          "b": 22.5,
          "b_prime": 67.5
        },
        "T": 5000,
        "dt": 0.01,
        "transient": 1000,
        "K_modulation": {
          "amplitude": 0.1,
          "frequency": 0.1
        }
      },
      "PLI": 0.9997089386951394,
      "rho_echo": 0.9999999900005015,
      "S": 2.4487099434623016,
      "abs_S": 2.4487099434623016,
      "correlations": {
        "E_ab": 0.8205013962868877,
        "E_ab_prime": 0.1763285258432231,
        "E_a_prime_b": 0.9840356767317521,
        "E_a_prime_b_prime": 0.8205013962868851
      },
      "violation": true,
      "regime": "rut_plateau"
    },
    {
      "seed": 4,
      "parameters": {
        "K": 0.7,
        "delta_omega": 0.3,
        "sigma": 0.1,
        "angles": {
          "a": 0.0,
          "a_prime": 45.0,
          "b": 22.5,
          "b_prime": 67.5
        },
        "T": 5000,
        "dt": 0.01,
        "transient": 1000,
        "K_modulation": {
          "amplitude": 0.1,
          "frequency": 0.1
        }
      },
      "PLI": 0.9997139415027506,
      "rho_echo": 0.9999999898864204,
      "S": 2.448726767531274,
      "abs_S": 2.448726767531274,
      "correlations": {
        "E_ab": 0.8203586659952249,
        "E_ab_prime": 0.17607645795995858,
        "E_a_prime_b": 0.9840858935007855,
        "E_a_prime_b_prime": 0.820358665995222
      },
      "violation": true,
      "regime": "rut_plateau"
    }
  ]
}