{
  "metadata": {
    "experiment_id": "E104BC",
    "name": "Baseline (Standard CHSH Angles)",
    "description": "Same dynamics as E104D but with standard CHSH angles",
    "timestamp": "2025-11-15T10:22:00.187894"
  },
  "statistics": {
    "experiment_id": "E104BC",
    "name": "Baseline (Standard CHSH Angles)",
    "n_runs": 5,
    "S": {
      "mean": 2.4494327746667386,
      "std": 1.1210255969064128e-09,
      "min": 2.449432773256294,
      "max": 2.4494327760041164
    },
    "PLI": {
      "mean": 0.9999999999999337,
      "std": 6.163961832144051e-14,
      "min": 0.9999999999998495,
      "max": 0.999999999999996
    },
    "rho_echo": {
      "mean": 1.0,
      "std": 4.965068306494546e-17,
      "min": 0.9999999999999999,
      "max": 1.0
    },
    "violation_rate": 1.0
  },
  "all_runs": [
    {
      "seed": 0,
      "parameters": {
        "K": 0.7,
        "delta_omega": 0.3,
        "sigma": 0.0,
        "angles": {
          "a": 0.0,
          "a_prime": 45.0,
          "b": 22.5,
          "b_prime": 67.5
        },
        "T": 5000,
        "dt": 0.01,
        "transient": 1000,
        "K_modulation": null
      },
      "PLI": 0.9999999999999953,
      "rho_echo": 1.0,
      "S": 2.449432775350111,
      "abs_S": 2.449432775350111,
      "correlations": {
        "E_ab": 0.8204151533568077,
        "E_ab_prime": 0.17581988400854942,
        "E_a_prime_b": 0.9844223526450475,
        "E_a_prime_b_prime": 0.820415153356805
      },
      "violation": true,
      "regime": "rut_plateau"
    },
    {
      "seed": 1,
      "parameters": {
        "K": 0.7,
        "delta_omega": 0.3,
        "sigma": 0.0,
        "angles": {
          "a": 0.0,
          "a_prime": 45.0,
          "b": 22.5,
          "b_prime": 67.5
        },
        "T": 5000,
        "dt": 0.01,
        "transient": 1000,
        "K_modulation": null
      },
      "PLI": 0.9999999999999556,
      "rho_echo": 1.0,
      "S": 2.4494327760041164,
      "abs_S": 2.4494327760041164,
      "correlations": {
        "E_ab": 0.8204151309693732,
        "E_ab_prime": 0.1758198454638055,
        "E_a_prime_b": 0.984422359529178,
        "E_a_prime_b_prime": 0.8204151309693705
      },
      "violation": true,
      "regime": "rut_plateau"
    },
    {
      "seed": 2,
      "parameters": {
        "K": 0.7,
        "delta_omega": 0.3,
        "sigma": 0.0,
        "angles": {
          "a": 0.0,
          "a_prime": 45.0,
          "b": 22.5,
          "b_prime": 67.5
        },
        "T": 5000,
        "dt": 0.01,
        "transient": 1000,
        "K_modulation": null
      },
      "PLI": 0.9999999999998725,
      "rho_echo": 1.0,
      "S": 2.449432773399213,
      "abs_S": 2.449432773399213,
      "correlations": {
        "E_ab": 0.8204152201172971,
        "E_ab_prime": 0.1758199989512827,
        "E_a_prime_b": 0.984422332115904,
        "E_a_prime_b_prime": 0.8204152201172946
      },
      "violation": true,
      "regime": "rut_plateau"
    },
    {
      "seed": 3,
      "parameters": {
        "K": 0.7,
        "delta_omega": 0.3,
        "sigma": 0.0,
        "angles": {
          "a": 0.0,
          "a_prime": 45.0,
          "b": 22.5,
          "b_prime": 67.5
        },
        "T": 5000,
        "dt": 0.01,
        "transient": 1000,
        "K_modulation": null
      },
      "PLI": 0.999999999999996,
      "rho_echo": 1.0,
      "S": 2.4494327753239595,
      "abs_S": 2.4494327753239595,
      "correlations": {
        "E_ab": 0.8204151542519352,
        "E_ab_prime": 0.1758198855497035,
        "E_a_prime_b": 0.9844223523697951,
        "E_a_prime_b_prime": 0.8204151542519326
      },
      "violation": true,
      "regime": "rut_plateau"
    },
    {
      "seed": 4,
      "parameters": {
        "K": 0.7,
        "delta_omega": 0.3,
        "sigma": 0.0,
        "angles": {
          "a": 0.0,
          "a_prime": 45.0,
          "b": 22.5,
          "b_prime": 67.5
        },
        "T": 5000,
        "dt": 0.01,
        "transient": 1000,
        "K_modulation": null
      },
      "PLI": 0.9999999999998495,
      "rho_echo": 0.9999999999999999,
      "S": 2.449432773256294,
      "abs_S": 2.449432773256294,
      "correlations": {
        "E_ab": 0.8204152250068062,
        "E_ab_prime": 0.1758200073696563,
        "E_a_prime_b": 0.9844223306123404,
        "E_a_prime_b_prime": 0.8204152250068034
      },
      "violation": true,
      "regime": "rut_plateau"
    }
  ]
}