{
  "metadata": {
    "experiment_id": "E107N_subset",
    "name": "RUT Plateau Survey (Representative Subset)",
    "description": "Key parameter points from E107N for validation",
    "timestamp": "2025-11-15T10:22:00.849745"
  },
  "statistics": {
    "experiment_id": "E107N_subset",
    "name": "RUT Plateau Survey (Representative Subset)",
    "n_runs": 18,
    "S": {
      "mean": 2.4467148846851634,
      "std": 0.003840883734377028,
      "min": 2.441266396156312,
      "max": 2.4494328262879765
    },
    "PLI": {
      "mean": 0.9999995487389606,
      "std": 5.747108025721408e-07,
      "min": 0.9999980153189697,
      "max": 0.9999999999999953
    },
    "rho_echo": {
      "mean": 0.999999989653335,
      "std": 1.3783796453824286e-08,
      "min": 0.999999959947131,
      "max": 1.0
    },
    "violation_rate": 1.0
  },
  "all_runs": [
    {
      "seed": 0,
      "parameters": {
        "K": 0.7,
        "delta_omega": 0.3,
        "sigma": 0.0,
        "angles": {
          "a": 0.0,
          "a_prime": 45.0,
          "b": 22.5,
          "b_prime": 67.5
        },
        "T": 5000,
        "dt": 0.01,
        "transient": 1000
      },
      "PLI": 0.9999999999999953,
      "rho_echo": 1.0,
      "S": 2.449432775350111,
      "abs_S": 2.449432775350111,
      "correlations": {
        "E_ab": 0.8204151533568077,
        "E_ab_prime": 0.17581988400854942,
        "E_a_prime_b": 0.9844223526450475,
        "E_a_prime_b_prime": 0.820415153356805
      },
      "violation": true,
      "regime": "rut_plateau"
    },
    {
      "seed": 1,
      "parameters": {
        "K": 0.7,
        "delta_omega": 0.3,
        "sigma": 0.0,
        "angles": {
          "a": 0.0,
          "a_prime": 45.0,
          "b": 22.5,
          "b_prime": 67.5
        },
        "T": 5000,
        "dt": 0.01,
        "transient": 1000
      },
      "PLI": 0.9999999999999556,
      "rho_echo": 1.0,
      "S": 2.4494327760041164,
      "abs_S": 2.4494327760041164,
      "correlations": {
        "E_ab": 0.8204151309693732,
        "E_ab_prime": 0.1758198454638055,
        "E_a_prime_b": 0.984422359529178,
        "E_a_prime_b_prime": 0.8204151309693705
      },
      "violation": true,
      "regime": "rut_plateau"
    },
    {
      "seed": 2,
      "parameters": {
        "K": 0.7,
        "delta_omega": 0.3,
        "sigma": 0.0,
        "angles": {
          "a": 0.0,
          "a_prime": 45.0,
          "b": 22.5,
          "b_prime": 67.5
        },
        "T": 5000,
        "dt": 0.01,
        "transient": 1000
      },
      "PLI": 0.9999999999998725,
      "rho_echo": 1.0,
      "S": 2.449432773399213,
      "abs_S": 2.449432773399213,
      "correlations": {
        "E_ab": 0.8204152201172971,
        "E_ab_prime": 0.1758199989512827,
        "E_a_prime_b": 0.984422332115904,
        "E_a_prime_b_prime": 0.8204152201172946
      },
      "violation": true,
      "regime": "rut_plateau"
    },
    {
      "seed": 0,
      "parameters": {
        "K": 0.5,
        "delta_omega": 0.3,
        "sigma": 0.0,
        "angles": {
          "a": 0.0,
          "a_prime": 45.0,
          "b": 22.5,
          "b_prime": 67.5
        },
        "T": 5000,
        "dt": 0.01,
        "transient": 1000
      },
      "PLI": 0.9999999999768446,
      "rho_echo": 0.9999999999999973,
      "S": 2.441276492502621,
      "abs_S": 2.441276492502621,
      "correlations": {
        "E_ab": 0.7665188484298021,
        "E_ab_prime": 0.08789127781050488,
        "E_a_prime_b": 0.9961300734535249,
        "E_a_prime_b_prime": 0.7665188484297991
      },
      "violation": true,
      "regime": "rut_plateau"
    },
    {
      "seed": 1,
      "parameters": {
        "K": 0.5,
        "delta_omega": 0.3,
        "sigma": 0.0,
        "angles": {
          "a": 0.0,
          "a_prime": 45.0,
          "b": 22.5,
          "b_prime": 67.5
        },
        "T": 5000,
        "dt": 0.01,
        "transient": 1000
      },
      "PLI": 0.9999999997217406,
      "rho_echo": 0.9999999999999687,
      "S": 2.441275702634142,
      "abs_S": 2.441275702634142,
      "correlations": {
        "E_ab": 0.7665163192746061,
        "E_ab_prime": 0.08788735520675883,
        "E_a_prime_b": 0.9961304192916917,
        "E_a_prime_b_prime": 0.7665163192746034
      },
      "violation": true,
      "regime": "rut_plateau"
    },
    {
      "seed": 2,
      "parameters": {
        "K": 0.5,
        "delta_omega": 0.3,
        "sigma": 0.0,
        "angles": {
          "a": 0.0,
          "a_prime": 45.0,
          "b": 22.5,
          "b_prime": 67.5
        },
        "T": 5000,
        "dt": 0.01,
        "transient": 1000
      },
      "PLI": 0.9999999993960764,
      "rho_echo": 0.9999999999999323,
      "S": 2.441278444999361,
      "abs_S": 2.441278444999361,
      "correlations": {
        "E_ab": 0.7665251093334826,
        "E_ab_prime": 0.08790098959326466,
        "E_a_prime_b": 0.9961292159256632,
        "E_a_prime_b_prime": 0.7665251093334798
      },
      "violation": true,
      "regime": "rut_plateau"
    },
    {
      "seed": 0,
      "parameters": {
        "K": 0.7,
        "delta_omega": 0.3,
        "sigma": 0.05,
        "angles": {
          "a": 0.0,
          "a_prime": 45.0,
          "b": 22.5,
          "b_prime": 67.5
        },
        "T": 5000,
        "dt": 0.01,
        "transient": 1000
      },
      "PLI": 0.9999999130989616,
      "rho_echo": 0.9999999975387147,
      "S": 2.4494328262879765,
      "abs_S": 2.4494328262879765,
      "correlations": {
        "E_ab": 0.8204060427910688,
        "E_ab_prime": 0.1758043058310633,
        "E_a_prime_b": 0.984425046536905,
        "E_a_prime_b_prime": 0.8204060427910662
      },
      "violation": true,
      "regime": "rut_plateau"
    },
    {
      "seed": 1,
      "parameters": {
        "K": 0.7,
        "delta_omega": 0.3,
        "sigma": 0.05,
        "angles": {
          "a": 0.0,
          "a_prime": 45.0,
          "b": 22.5,
          "b_prime": 67.5
        },
        "T": 5000,
        "dt": 0.01,
        "transient": 1000
      },
      "PLI": 0.9999999110793296,
      "rho_echo": 0.9999999975145482,
      "S": 2.449432061920618,
      "abs_S": 2.449432061920618,
      "correlations": {
        "E_ab": 0.8204320065591705,
        "E_ab_prime": 0.17584901093933428,
        "E_a_prime_b": 0.9844170597416139,
        "E_a_prime_b_prime": 0.8204320065591678
      },
      "violation": true,
      "regime": "rut_plateau"
    },
    {
      "seed": 2,
      "parameters": {
        "K": 0.7,
        "delta_omega": 0.3,
        "sigma": 0.05,
        "angles": {
          "a": 0.0,
          "a_prime": 45.0,
          "b": 22.5,
          "b_prime": 67.5
        },
        "T": 5000,
        "dt": 0.01,
        "transient": 1000
      },
      "PLI": 0.9999998759109464,
      "rho_echo": 0.9999999974966963,
      "S": 2.449431516469501,
      "abs_S": 2.449431516469501,
      "correlations": {
        "E_ab": 0.8204475979479109,
        "E_ab_prime": 0.17587589983033974,
        "E_a_prime_b": 0.9844122204040215,
        "E_a_prime_b_prime": 0.8204475979479084
      },
      "violation": true,
      "regime": "rut_plateau"
    },
    {
      "seed": 0,
      "parameters": {
        "K": 0.7,
        "delta_omega": 0.3,
        "sigma": 0.1,
        "angles": {
          "a": 0.0,
          "a_prime": 45.0,
          "b": 22.5,
          "b_prime": 67.5
        },
        "T": 5000,
        "dt": 0.01,
        "transient": 1000
      },
      "PLI": 0.9999996523945105,
      "rho_echo": 0.9999999901548573,
      "S": 2.4494324515237853,
      "abs_S": 2.4494324515237853,
      "correlations": {
        "E_ab": 0.8203967677684434,
        "E_ab_prime": 0.17578865975913965,
        "E_a_prime_b": 0.9844275757460407,
        "E_a_prime_b_prime": 0.8203967677684407
      },
      "violation": true,
      "regime": "rut_plateau"
    },
    {
      "seed": 1,
      "parameters": {
        "K": 0.7,