{
  "timestamp": "2025-11-15T10:22:00.850369",
  "all_validations_passed": true,
  "experiments": {
    "E104D": {
      "experiment_id": "E104D",
      "name": "Tsirelson Ridge (Asymmetric Angles)",
      "n_runs": 5,
      "S": {
        "mean": 2.7940908813625738,
        "std": 1.5984948006286143e-08,
        "min": 2.7940908622908935,
        "max": 2.7940909014738247
      },
      "PLI": {
        "mean": 0.9999999999999337,
        "std": 6.163961832144051e-14,
        "min": 0.9999999999998495,
        "max": 0.999999999999996
      },
      "rho_echo": {
        "mean": 1.0,
        "std": 4.965068306494546e-17,
        "min": 0.9999999999999999,
        "max": 1.0
      },
      "violation_rate": 1.0,
      "validation": {
        "expected_S": 2.794,
        "measured_S": 2.7940908813625738,
        "deviation": 9.088136257373591e-05,
        "tolerance": 0.13970000000000002,
        "passes": "True"
      }
    },
    "E104BC": {
      "experiment_id": "E104BC",
      "name": "Baseline (Standard CHSH Angles)",
      "n_runs": 5,
      "S": {
        "mean": 2.4494327746667386,
        "std": 1.1210255969064128e-09,
        "min": 2.449432773256294,
        "max": 2.4494327760041164
      },
      "PLI": {
        "mean": 0.9999999999999337,
        "std": 6.163961832144051e-14,
        "min": 0.9999999999998495,
        "max": 0.999999999999996
      },
      "rho_echo": {
        "mean": 1.0,
        "std": 4.965068306494546e-17,
        "min": 0.9999999999999999,
        "max": 1.0
      },
      "violation_rate": 1.0
    },
    "E103C": {
      "experiment_id": "E103C",
      "name": "Time-Varying Coupling",
      "n_runs": 5,
      "S": {
        "mean": 2.4487122219277104,
        "std": 1.534503365696611e-05,
        "min": 2.448685467944514,
        "max": 2.448727828195008
      },
      "PLI": {
        "mean": 0.9997088892092295,
        "std": 5.996225035499e-06,
        "min": 0.9996980612526705,
        "max": 0.9997149621466379
      },
      "rho_echo": {
        "mean": 0.999999989956201,
        "std": 7.072126348936089e-11,
        "min": 0.9999999898770578,
        "max": 0.9999999900652531
      },
      "violation_rate": 1.0,
      "validation": {
        "expected_S": 2.42,
        "measured_S": 2.4487122219277104,
        "deviation": 0.028712221927710502,
        "tolerance": 0.242,
        "passes": "True"
      }
    },
    "E107N_subset": {
      "experiment_id": "E107N_subset",
      "name": "RUT Plateau Survey (Representative Subset)",
      "n_runs": 18,
      "S": {
        "mean": 2.4467148846851634,
        "std": 0.003840883734377028,
        "min": 2.441266396156312,
        "max": 2.4494328262879765
      },
      "PLI": {
        "mean": 0.9999995487389606,
        "std": 5.747108025721408e-07,
        "min": 0.9999980153189697,
        "max": 0.9999999999999953
      },
      "rho_echo": {
        "mean": 0.999999989653335,
        "std": 1.3783796453824286e-08,
        "min": 0.999999959947131,
        "max": 1.0
      },
      "violation_rate": 1.0
    }
  }
}