{
  "experiment_id": "E221",
  "run_id": "E221-20251128-d1dc6fd1",
  "tau_mid": 75.0,
  "K_values": [
    0.1,
    0.15,
    0.2,
    0.25,
    0.3,
    0.35,
    0.4,
    0.45,
    0.5,
    0.55,
    0.6,
    0.65,
    0.7,
    0.75,
    0.8,
    0.85,
    0.9,
    0.95,
    1.0
  ],
  "sigma_values": [
    0.0,
    0.02,
    0.04,
    0.06,
    0.08,
    0.1,
    0.12,
    0.14,
    0.16,
    0.18,
    0.2,
    0.22,
    0.24,
    0.26,
    0.28,
    0.3,
    0.32,
    0.34,
    0.36,
    0.38,
    0.4
  ],
  "C_mem": [
    [
      -1.2640683695552825e-07,
      0.0001515256179908801,
      0.002573530919015869,
      0.005316873570063564,
      0.0009233952872029739,
      0.0008388013691219207,
      0.00033099705069970624,
      -0.0006992028334851036,
      -0.0011649180384639103,
      -0.0008825546256937399,
      -0.00025983763796812344,
      4.5210959228067666e-05,
      0.00035774039487299124,
      -3.943529135876846e-05,
      0.0003769908661929871,
      -1.195929583242281e-05,
      0.0004702298070880442,
      0.0005476836296238076,
      -0.00020226848958003786,
      -2.9208425700340614e-06,
      0.0003532444567062214
    ],
    [
      -0.0009318065674297285,
      7.852669376288761e-06,
      -1.694709997083271e-05,
      -3.3006843757480993e-05,
      -3.781431551048496e-05,
      -2.4397180872663293e-05,
      3.6094019155545175e-05,
      0.00017131286331793257,
      9.407535159074783e-05,
      0.0001925531311258815,
      -5.702341362483634e-05,
      -8.986041533219328e-05,
      0.0003064743438713604,
      -0.0005783465108771884,
      0.00015224674980384312,
      -0.00016894220878733014,
      -0.00012358389317665826,
      0.0003281239802688696,
      0.000213644892839118,
      -0.00025483388128013897,
      -0.00017984383935194342
    ],
    [
      -0.0009318010766966745,
      -0.0001815501462484833,
      -0.00022307930662569987,
      -0.000258414049651984,
      -0.00028729120213800003,
      -0.0003097262920619499,
      -0.0003258849425556244,
      -0.0003357841235549702,
      -0.000338485513017623,
      -0.0003288231904597713,
      -0.0002643740609428841,
      -0.00023927480721554602,
      -0.00025440760052652017,
      -0.00013449103869216287,
      -0.00037292845560186566,
      -0.0002354978203026983,
      -0.0005675196558209492,
      -0.00023110375403058897,
      -0.0004796113783833161,
      -0.00022931970296286697,
      -0.0002697154187602796
    ],
    [
      -0.0009317960668138676,
      -0.0002439752733454044,
      -0.00029326227392191355,
      -0.0003345273247718622,
      -0.00036732921175800426,
      -0.00039195006394943707,
      -0.00040922563176599253,
      -0.0004203242140057129,
      -0.0004265211461970266,
      -0.00042895582158967836,
      -0.00042823210863580246,
      -0.0004233797811434098,
      -0.0004083740178819676,
      -0.0003520582214810553,
      -0.0002781869991806591,
      -0.0004254927796940292,
      -0.0004004567653186412,
      -0.0002594751401581644,
      -0.0004651494648016608,
      -0.00041222964447792585,
      -0.0003936415891585197
    ],
    [
      -0.0009317809944112377,
      -0.00026798374358908046,
      -0.0003240919778345012,
      -0.000369105748582868,
      -0.0004024583503552245,
      -0.0004249530354647567,
      -0.0004382744577367917,
      -0.0004444866975693459,
      -0.00044566516153903446,
      -0.0004436921472410479,
      -0.0004401610212899234,
      -0.0004362447330151341,
      -0.00043212578727117875,
      -0.0004246888264350321,
      -0.0003993854463556938,
      -0.00028958644219471833,
      -0.0003123447230095741,
      -0.0004095605304958308,
      -0.000437664148058939,
      -0.00041581611950073586,
      -0.0004434469619451209
    ],
    [
      -0.000931787683970748,
      -0.00027948286341157125,
      -0.0003432342532131192,
      -0.00039111849482555497,
      -0.00042285473773229036,
      -0.0004405781178227771,
      -0.0004475309032127792,
      -0.00044703080743315534,
      -0.0004419356691239198,
      -0.00043450411999056745,
      -0.0004264773762582834,
      -0.00041924811460591937,
      -0.00041400703643362904,
      -0.0004115760317111238,
      -0.00041053278154115825,
      -0.00039793191216281676,
      -0.000303087286104834,
      -0.0003281270892995418,
      -0.0002947522322818873,
      -0.0003155000689195126,
      -0.0003631644301792153
    ],
    [
      -0.0009317645947319909,
      -0.00028886948070353414,
      -0.0003615201149535777,
      -0.00041060697729123805,
      -0.0004374921022984995,
      -0.00044731114177004583,
      -0.0004458364852774661,
      -0.0004378337097399274,
      -0.00042668711713969256,
      -0.00041462085040443273,
      -0.0004030697342872421,
      -0.000393025147797602,
      -0.0003853324182320743,
      -0.0003809706719491383,
      -0.0003812474034959925,
      -0.00038676990455178365,
      -0.0003872270177677886,
      -0.0003060038634539222,
      -0.0003233335990973013,
      -0.0002840408408876034,
      -0.0002583658187048303
    ],
    [
      -0.0009317812815621727,
      -0.0003018188478664533,
      -0.0003839001736048933,
      -0.0004298366840252865,
      -0.00044650226972607507,
      -0.00044480794257194153,
      -0.00043364029880524666,
      -0.0004186300895433582,
      -0.0004029055834429326,
      -0.0003880707351096218,
      -0.00037491175229825154,
      -0.0003638342302056591,
      -0.0003551372640000267,
      -0.00034923055975155453,
      -0.000346906771149077,
      -0.0003497947724513844,
      -0.0003604723056768673,
      -0.00037304774221335067,
      -0.0002902042940925259,
      -0.00031874354428652483,
      -0.0002757725230347074
    ],
    [
      -0.000931731663263141,
      -0.000323206413939116,
      -0.00041172804632733963,
      -0.000444821009541571,
      -0.00044406982106507634,
      -0.00042853633427995233,
      -0.0004086582277708954,
      -0.0003890504175200095,
      -0.00037144704273699456,
      -0.00035633664765831756,
      -0.0003437274125202481,
      -0.0003334873299254201,
      -0.0003255017372081078,
      -0.0003197692731716164,
      -0.0003165143207655556,
      -0.00031642155967640353,
      -0.00032124127537519286,
      -0.00033503067987832676,
      -0.0003575789585539113,
      -0.00028026476121164034,
      -0.00031235636965287283
    ],
    [
      -0.0009317017677636753,
      -0.0003591688688374268,
      -0.00043939934459527743,
      -0.0004430733986239009,
      -0.0004201984531519103,
      -0.0003933662290597128,
      -0.0003693609792017326,
      -0.0003494730223010897,
      -0.00033342655035299495,
      -0.0003206214557751264,
      -0.0003104912525838566,
      -0.0003025900988509457,
      -0.0002966043827615305,
      -0.0002923531014120634,
      -0.00028980504124812923,
      -0.0002891451410039667,
      -0.00029097860835615913,
      -0.0002969869718134062,
      -0.0003120332205895821,
      -0.00034201515765925705,
      -0.00030900262641752365
    ],
    [
      -0.0009316746378253361,
      -0.0004144067670206513,
      -0.00044099776150603373,
      -0.0004031162772347091,
      -0.0003660430766712956,
      -0.00033792570378433256,
      -0.00031732091256206704,
      -0.00030215514249964617,
      -0.0002908845803893323,
      -0.0002824627448588817,
      -0.000276190288226744,
      -0.00027160040228331396,
      -0.00026838628790542337,
      -0.0002663597596817235,
      -0.0002654338529835177,
      -0.0002656307016095699,
      -0.000267133628132719,
      -0.00027046059490141907,
      -0.00027708990837829457,
      -0.0002920752177329942,
      -0.00032721495222395397
    ],
    [
      -0.0009314300726883058,
      -0.00043528254747509157,
      -0.0003568774209694478,
      -0.0003096659975361034,
      -0.0002834266400632151,
      -0.0002676257469259762,
      -0.0002575396134300616,
      -0.00025089309655873884,
      -0.00024648293380639735,
      -0.0002436230858993678,
      -0.00024190053167686727,
