{
  "experiment_id": "E221",
  "run_id": "E221-20251128-d1dc6fd1",
  "tau_mid": 17.5,
  "K_values": [
    0.1,
    0.15,
    0.2,
    0.25,
    0.3,
    0.35,
    0.4,
    0.45,
    0.5,
    0.55,
    0.6,
    0.65,
    0.7,
    0.75,
    0.8,
    0.85,
    0.9,
    0.95,
    1.0
  ],
  "sigma_values": [
    0.0,
    0.02,
    0.04,
    0.06,
    0.08,
    0.1,
    0.12,
    0.14,
    0.16,
    0.18,
    0.2,
    0.22,
    0.24,
    0.26,
    0.28,
    0.3,
    0.32,
    0.34,
    0.36,
    0.38,
    0.4
  ],
  "C_mem": [
    [
      -3.179981538981025e-08,
      -0.027394935455191883,
      -0.030331795030024165,
      -0.031047334309503342,
      -0.030273967319058466,
      -0.027966987692165334,
      -0.025967939678521075,
      -0.02245218241140711,
      -0.019891536984461583,
      -0.0159688369626295,
      -0.013375826856062237,
      -0.010006693002956365,
      -0.008133961302176865,
      -0.009330494648620312,
      -0.006478814817381842,
      -0.005175696333117685,
      -0.004539030666349096,
      -0.002717658429774359,
      -0.00021139461730318546,
      -0.000560003891386172,
      -0.00024650066166395136
    ],
    [
      -0.0009169835641230091,
      -0.005492826763544066,
      -0.005744836348200451,
      -0.006091285176950003,
      -0.006572112669514589,
      -0.0072856305740686255,
      -0.008573082191654658,
      -0.01138503961457751,
      -0.01139562245568019,
      -0.01321422784946891,
      -0.014852502197614904,
      -0.01162946419644429,
      -0.010059283391471692,
      -0.011037945435486918,
      -0.007874991126757205,
      -0.00602578375204566,
      -0.005041063067381346,
      -0.004219764674330821,
      -0.004636323818979681,
      -0.003587497826925928,
      -0.0042847958074805495
    ],
    [
      -0.0009169774663646856,
      -0.0009030128062823498,
      -0.0010366145072184824,
      -0.0011724090857892272,
      -0.0013109445829567197,
      -0.0014554521621123132,
      -0.0016130354798375526,
      -0.0017974740312231452,
      -0.002037603598551034,
      -0.0024127816842749563,
      -0.003404570167331354,
      -0.00554375860896879,
      -0.005298511357168871,
      -0.004873752143582248,
      -0.007507033323279818,
      -0.004415743863288437,
      -0.004246044499376673,
      -0.004990030132799206,
      -0.006207176643616901,
      -0.0030903029825112747,
      -0.002018963990438316
    ],
    [
      -0.0009169727780295965,
      0.0002459952397783588,
      0.00013414491791123706,
      3.0728347278499016e-05,
      -6.194546953974967e-05,
      -0.00014310469966318656,
      -0.00021350742626222727,
      -0.00027530528062812577,
      -0.0003319435547701591,
      -0.0003882973888473348,
      -0.0004513968083764419,
      -0.0005331028977013411,
      -0.0006643283505672105,
      -0.0010627682966265635,
      -0.0015061026414946662,
      -0.0006530154944703755,
      -0.0022988532535427146,
      -0.0034191117645506626,
      -0.002342743656138302,
      -0.0019216177442530208,
      -0.003060595342116852
    ],
    [
      -0.0009169583561004701,
      0.0004930238148347902,
      0.0003857413483620272,
      0.0002897143094994448,
      0.00020859725644841107,
      0.00014374651318162972,
      9.449577811161966e-05,
      5.876094039282279e-05,
      3.36460390844253e-05,
      1.5845663858702654e-05,
      1.778197628779423e-06,
      -1.248394065729453e-05,
      -3.112848267926016e-05,
      -5.7224915293892754e-05,
      -8.891583957859302e-05,
      -0.00034784977190704394,
      -0.0001703947128671171,
      9.302257715494457e-05,
      -0.00018265547775514132,
      -0.0009768980739762853,
      -0.0016805357931615986
    ],
    [
      -0.0009169638813912388,
      0.0004795733640592996,
      0.0003702653120533043,
      0.0002760354028252854,
      0.00020175814736306903,
      0.00014818738305235674,
      0.00011311392133653468,
      9.289800040785077e-05,
      8.362324729353542e-05,
      8.166961816169381e-05,
      8.380102398362838e-05,
      8.690235520698248e-05,
      8.74394807833116e-05,
      8.083701037779117e-05,
      6.226603273200198e-05,
      3.3896331045663466e-05,
      2.114541627227292e-06,
      0.0002580478481718759,
      0.0005078244164598923,
      -0.00023086594594333562,
      -0.00033214052260420576
    ],
    [
      -0.000916940499502621,
      0.00039230045763058755,
      0.0002760430373799702,
      0.0001822656206790639,
      0.00011613237546438688,
      7.55388949824163e-05,
      5.490004901884107e-05,
      4.8224004237839346e-05,
      5.054161897830355e-05,
      5.817507045665611e-05,
      6.847433773104405e-05,
      7.936582632175069e-05,
      8.878515627504958e-05,
      9.385812734154542e-05,
      8.95708565823738e-05,
      6.773216370362049e-05,
      2.5159485330584953e-05,
      -1.5145919639231436e-05,
      0.00019397936761273246,
      0.0004735639368884691,
      0.0005100339257092453
    ],
    [
      -0.000916968942959359,
      0.00028607615450472305,
      0.00015817027783563854,
      6.653164114297358e-05,
      1.2822886504149696e-05,
      -1.2005418420108024e-05,
      -1.8382093154824513e-05,
      -1.4206599078312419e-05,
      -4.518801722502678e-06,
      7.718747010246764e-06,
      2.0806222681516317e-05,
      3.369614412054292e-05,
      4.55270865524304e-05,
      5.514062673420729e-05,
      6.028789528754142e-05,
      5.588248908589893e-05,
      3.0608620789460225e-05,
      -2.7537333606468104e-05,
      -9.756828223291981e-05,
      0.00011392412720288717,
      0.0003230156769364875
    ],
    [
      -0.00091690195020851,
      0.00017260261078229778,
      2.9996084757352973e-05,
      -5.222507817721931e-05,
      -8.673666473354843e-05,
      -9.415835975738716e-05,
      -8.865660715054787e-05,
      -7.779829271478324e-05,
      -6.52025126682213e-05,
      -5.247990193793222e-05,
      -4.029240223383038e-05,
      -2.889467999235406e-05,
      -1.843148521462135e-05,
      -9.163512212789597e-06,
      -1.7767799804726917e-06,
      1.939085092405538e-06,
      -2.792070494534674e-06,
      -2.9225763101654605e-05,
      -0.00010145617758211744,
      -0.0001905313927450754,
      2.944254017617628e-05
    ],
    [
      -0.0009168999003821585,
      4.5245257671941216e-05,
      -0.00010585942977263908,
      -0.00016200610867588084,
      -0.00017103547547158487,
      -0.00016313965691119045,
      -0.0001506208173120401,
      -0.00013781514390483993,
      -0.0001260545840677924,
      -0.00011559361053088057,
      -0.00010632440145062873,
      -9.804576758037677e-05,
      -9.0574056198505e-05,
      -8.381188829781321e-05,
      -7.784214913136031e-05,
      -7.313830675382028e-05,
      -7.113160220089468e-05,
      -7.60076934659952e-05,
      -0.00010145183231698796,
      -0.00018497626851069404,
      -0.00026222119399833984
    ],
    [
      -0.0009176663620939623,
      -0.0001163102229139823,
      -0.0002353687933558569,
      -0.0002443318009865885,
      -0.00023041567317753892,
      -0.000214948422727383,
      -0.00020190759255434026,
      -0.00019151589443477374,
      -0.00018328033504104213,
      -0.00017666708713565403,
      -0.0001712343334106606,
      -0.00016664041118515807,
      -0.00016262970480239507,
      -0.00015902446664160225,
      -0.00015573661973750964,
      -0.00015282267050329223,
      -0.00015064453047982756,
      -0.0001503379100888662,
      -0.00015539575367273908,
      -0.00017872562915644826,
      -0.0002706367802931409
    ],
    [
      -0.0009176270549939045,
      -0.00030797952860293155,
      -0.000301540957278512,
      -0.00027494623547352857,
      -0.00025770674205042985,
      -0.0002470356332050346,
      -0.00024032831881127859,
      -0.0002360532501704111,
      -0.00023331323854519246,
      -0.000231559340944791,
      -0.00023043888553401357,
      -0.0002297145496946644,
      -0.00022922032326036678,
      -0.0002288384153517291,
      -0.00022849138681319044,
