{
  "experiment_id": "E221",
  "run_id": "E221-20251128-d1dc6fd1",
  "tau_mid": 37.5,
  "K_values": [
    0.1,
    0.15,
    0.2,
    0.25,
    0.3,
    0.35,
    0.4,
    0.45,
    0.5,
    0.55,
    0.6,
    0.65,
    0.7,
    0.75,
    0.8,
    0.85,
    0.9,
    0.95,
    1.0
  ],
  "sigma_values": [
    0.0,
    0.02,
    0.04,
    0.06,
    0.08,
    0.1,
    0.12,
    0.14,
    0.16,
    0.18,
    0.2,
    0.22,
    0.24,
    0.26,
    0.28,
    0.3,
    0.32,
    0.34,
    0.36,
    0.38,
    0.4
  ],
  "C_mem": [
    [
      -6.641439313348485e-08,
      -0.004934724604292054,
      -0.0031720403171271346,
      -0.0012747089270755882,
      0.0033135224380398745,
      0.004317451606413186,
      0.00518388944788174,
      0.005689420972903408,
      0.006741650603866162,
      0.0063349018669606625,
      0.006191395322065636,
      0.004644663359128521,
      0.002310472173564671,
      0.002535059874949801,
      0.0012517836067149305,
      0.00145123534067234,
      0.0008618074225599182,
      0.0007779837723762828,
      0.00043156132102783134,
      0.00025746824552733876,
      -0.0001636237221215655
    ],
    [
      -0.0009218487000888633,
      -0.0004002232651877699,
      -0.00040127479702396426,
      -0.00042091723512922044,
      -0.00046771935079106136,
      -0.0005616280910686519,
      -0.000770127197076593,
      -0.0011199770007727116,
      -0.00082737251503926,
      -0.0003571141563630855,
      -5.734004956514855e-05,
      0.0005016931868126274,
      0.0005327301578888821,
      0.0019408100455750217,
      0.00047980594142339424,
      0.0009229647238234636,
      0.0007618748081962953,
      0.00015666549597235496,
      0.0005827171833369597,
      0.0015524467244738918,
      0.0010566271388393771
    ],
    [
      -0.0009218427887711202,
      -0.0001402383497030178,
      -0.0001065459881802847,
      -7.917634186308999e-05,
      -5.922986171195113e-05,
      -4.773638335123716e-05,
      -4.5946450112271914e-05,
      -5.5989930973831495e-05,
      -8.242865993902544e-05,
      -0.00013652226926192483,
      -0.00025484799596108595,
      -0.0007752215595578071,
      -0.00023815683721622641,
      0.00011457604761354938,
      0.0012137437497612576,
      0.00041025338144015975,
      0.00042140261040504045,
      0.0009299677782831388,
      0.001360101603785998,
      0.00018272528765140043,
      0.0005190067598167677
    ],
    [
      -0.000921837999243575,
      -4.237985665315413e-05,
      9.84564844608857e-06,
      5.612346064340593e-05,
      9.50645957330699e-05,
      0.0001259815560136159,
      0.00014881693315042327,
      0.00016395298201906587,
      0.00017193549804893446,
      0.0001730686308275269,
      0.0001666297102762717,
      0.00014888105970230832,
      0.0001073997041559444,
      8.385946257271704e-06,
      -0.00012898055263205684,
      -0.0001651667337407195,
      0.00042269819436764795,
      0.0006073940405806605,
      0.0008684350599056916,
      0.00032433030785477467,
      0.00047565277345277884
    ],
    [
      -0.0009218234737630712,
      2.5450073876514622e-05,
      9.588453959272901e-05,
      0.00015914267502895784,
      0.00021264890435683187,
      0.00025538056024339615,
      0.0002876538860252534,
      0.0003106929107215348,
      0.0003261995204279241,
      0.00033603952652223564,
      0.0003420437676656579,
      0.00034578032212059567,
      0.00034777585526469623,
      0.0003444071617131906,
      0.0003159111786039094,
      0.00014550711516908378,
      1.8170387365326136e-05,
      -6.866595968293525e-05,
      0.0002790322456070736,
      0.00047795378927545823,
      0.000996010541016732
    ],
    [
      -0.0009218298161358183,
      8.033875238310892e-05,
      0.00017185100259608626,
      0.0002530065555138399,
      0.00031937499691835785,
      0.0003699180244723367,
      0.000406045456913747,
      0.0004303913349099117,
      0.0004458980253149953,
      0.0004553457586025839,
      0.00046123542716379733,
      0.00046589694134733665,
      0.0004717075699819575,
      0.0004810974590452132,
      0.0004946545558144345,
      0.0005006291425840974,
      0.0004079825846688355,
      0.0002693721697336213,
      5.968150944294643e-05,
      0.00013516731668551597,
      0.00012767641013120018
    ],
    [
      -0.0009218067759718531,
      0.000130446597593483,
      0.00024806987389734697,
      0.0003481845994893447,
      0.00042444431906486595,
      0.00047755971712777477,
      0.000511860389861968,
      0.0005324492294090576,
      0.0005438081342355726,
      0.0005494436162974037,
      0.0005520241717243834,
      0.0005536935828461528,
      0.0005564603211128813,
      0.0005627026020228016,
      0.0005758183624866703,
      0.000599813812609796,
      0.0006287207475799556,
      0.0005741039230439899,
      0.000466958392184319,
      0.00016837872521173117,
      0.00016578754183084894
    ],
    [
      -0.0009218286948659005,
      0.0001829536644042358,
      0.0003335334989650473,
      0.0004511059725143475,
      0.0005302082477157452,
      0.0005779045475365407,
      0.0006040426123452222,
      0.0006167531746772157,
      0.0006216599048351803,
      0.0006223999525733594,
      0.0006213200984378082,
      0.0006200396371570294,
      0.0006198805303467938,
      0.0006222643971430487,
      0.0006292595051651811,
      0.0006446304961132499,
      0.0006752778014302823,
      0.0007223533223940575,
      0.0006832367846323328,
      0.0005946607695728624,
      0.0004043500406657982
    ],
    [
      -0.0009217811987402395,
      0.0002476482356472643,
      0.00043783312607425655,
      0.0005633144619896637,
      0.0006315884690061519,
      0.0006638512936589672,
      0.0006765264289762433,
      0.000679350000363548,
      0.0006776052267570273,
      0.000674104583325779,
      0.0006703838088218872,
      0.0006673612637364604,
      0.0006657148828122693,
      0.0006661417954485396,
      0.0006696290058259786,
      0.0006779284589347986,
      0.0006947621084855457,
      0.0007289685327035663,
      0.0007907274538755443,
      0.0007669430095570607,
      0.0006814480241579397
    ],
    [
      -0.000921904379030818,
      0.0003424307149493483,
      0.0005683122297365982,
      0.0006749044929749333,
      0.0007136265714575623,
      0.000723104188066933,
      0.0007213000719750914,
      0.0007157306988204839,
      0.0007094899240626214,
      0.0007038519705269432,
      0.0006993484715358938,
      0.0006962282026916954,
      0.0006946718909237756,
      0.0006949180027075081,
      0.0006973784043997828,
      0.0007028159298237229,
      0.0007127397961903026,
      0.0007305886216741941,
      0.0007660116237998617,
      0.0008391043979609563,
      0.0008569730359020979
    ],
    [
      -0.0009214649632143263,
      0.0005030943800812129,
      0.0007101811918358074,
      0.0007535717620873088,
      0.0007527493324380496,
      0.0007426557779790945,
      0.0007321716605025314,
      0.0007234220371640299,
      0.0007167359475034,
      0.0007119831987075958,
      0.0007089580933794704,
      0.0007074939457437898,
      0.0007075008617475736,
      0.0007089878447508951,
      0.0007120947411534817,
      0.0007171557261465945,
      0.0007248355085431004,
      0.0007364623415844181,
      0.0007550908744298784,
      0.0007902539841311916,
      0.0008717104321617281
    ],
    [
      -0.0009221320713925669,
      0.0007436687953933719,
      0.0007721412264535387,
      0.0007473443412672984,
      0.0007282997197079246,
      0.0007158961259851229,
      0.0007081143040142922,
      0.0007034956633758577,
      0.0007011282144061496,
      0.0007004474399166348,
      0.0007011044338278044,
      0.00070289108333444,
      0.0007057005412941713,
      0.0007095105369500837,
      0.000714384983327455,
      0.0007204961913337081,
      0.0007281793688823665,
      0.0007380517796423009,
      0.0007512978998592537,
      0.0007705783447372574,
