{
  "experiment_id": "E211b",
  "run_id": "E211b-20251128-ff231cb5",
  "run_type": "P2_Mission1b_sigma_mem_zoom",
  "timestamp": "2025-11-28T15:01:00.005061",
  "tau": 50,
  "threshold_fraction": 0.5,
  "K_values": [
    0.3,
    0.6,
    0.9
  ],
  "results_by_K": {
    "0.3": {
      "K": 0.3,
      "sigma_values": [
        0.0,
        0.002,
        0.004,
        0.006,
        0.008,
        0.01,
        0.012,
        0.014,
        0.016,
        0.018,
        0.02,
        0.022,
        0.024,
        0.026,
        0.028,
        0.03,
        0.032,
        0.034,
        0.036,
        0.038,
        0.04
      ],
      "rho_S_mean": [
        0.9542407298949545,
        0.0036964175472838446,
        0.0037509212496318633,
        0.0038047860164943117,
        0.0038579755712639828,
        0.0039104547797272,
        0.003962189558606612,
        0.004013147101079472,
        0.004063295839906983,
        0.004112605582494497,
        0.0041610476054624425,
        0.00420859464090752,
        0.0042552209886515206,
        0.004300902567673998,
        0.004345616921171988,
        0.004389343308145445,
        0.004432062696590662,
        0.004473757795082752,
        0.004514413085685752,
        0.004554014822458559,
        0.004592551036853678
      ],
      "rho_S_std": [
        0.0002056561620121689,
        0.015982940395525277,
        0.015849544958461588,
        0.015714442358120757,
        0.015577790339477619,
        0.015439756265188129,
        0.015300517197141887,
        0.01516025968563718,
        0.015019179595141085,
        0.01487748189778314,
        0.014735380385455538,
        0.014593097359483241,
        0.014450863277499715,
        0.014308916309094196,
        0.01416750188161041,
        0.014026872152609539,
        0.013887285398036029,
        0.013749005363597341,
        0.013612300535588788,
        0.01347744335326066,
        0.01334470933288283
      ],
      "sigma_mem": 0.002,
      "rho_det": 0.9542407298949545
    },
    "0.6": {
      "K": 0.6,
      "sigma_values": [
        0.0,
        0.002,
        0.004,
        0.006,
        0.008,
        0.01,
        0.012,
        0.014,
        0.016,
        0.018,
        0.02,
        0.022,
        0.024,
        0.026,
        0.028,
        0.03,
        0.032,
        0.034,
        0.036,
        0.038,
        0.04
      ],
      "rho_S_mean": [
        0.9542186439539238,
        0.001427578058653523,
        0.0022047913662102117,
        0.0029997302511965487,
        0.003795258240691061,
        0.004575683579306319,
        0.005327591282040339,
        0.006040338007283622,
        0.0067062132905499365,
        0.007320321188452214,
        0.007880264584743965,
        0.008385718578487463,
        0.008837967628421357,
        0.009239461186696074,
        0.009593421691513376,
        0.009903520647511044,
        0.010173625819751262,
        0.01040761421178962,
        0.010609241358148443,
        0.01078205618251367,
        0.010929350933098683
      ],
      "rho_S_std": [
        0.00018614308372947455,
        0.015432374135817606,
        0.014982910092033267,
        0.014482383977431668,
        0.01394562560962433,
        0.013390120342133585,
        0.012834758856654603,
        0.012298490895679248,
        0.011799003374832733,
        0.011351526195601019,
        0.01096786073728982,
        0.010655725389503042,
        0.01041850267420752,
        0.010255432354235587,
        0.010162218781117028,
        0.010131934304083922,
        0.010156042408929568,
        0.010225363368764126,
        0.010330855488875256,
        0.010464156980895622,
        0.010617896102010445
      ],
      "sigma_mem": 0.002,
      "rho_det": 0.9542186439539238
    },
    "0.9": {
      "K": 0.9,
      "sigma_values": [
        0.0,
        0.002,
        0.004,
        0.006,
        0.008,
        0.01,
        0.012,
        0.014,
        0.016,
        0.018,
        0.02,
        0.022,
        0.024,
        0.026,
        0.028,
        0.03,
        0.032,
        0.034,
        0.036,
        0.038,
        0.04
      ],
      "rho_S_mean": [
        0.954170527883678,
        -0.002434391530041759,
        -0.0028575996341488204,
        -0.0032488067901872432,
        -0.003605958389551961,
        -0.003927484310689549,
        -0.004212314098027506,
        -0.004459876036932729,
        -0.004670081001531407,
        -0.004843293111796547,
        -0.0049802894364154695,
        -0.005082211632996292,
        -0.005150512113233467,
        -0.005186897637736932,
        -0.005193272698626255,
        -0.005171684812923116,
        -0.005124273405860008,
        -0.005053223448643712,
        -0.004960724678795918,
        -0.004848936803087884,
        -0.0047199606939611555
      ],
      "rho_S_std": [
        0.00013280915205822773,
        0.01665156284146047,
        0.016812710814521972,
        0.01695341087777595,
        0.017073367902910124,
        0.01717254774708842,
        0.017251171320031074,
        0.017309700526420016,
        0.0173488173028599,
        0.017369396970014245,
        0.017372477501279283,
        0.017359226363323963,
        0.017330906497046328,
        0.01728884309550883,
        0.017234392228481703,
        0.017168912491944785,
        0.017093740203162698,
        0.01701016863297851,
        0.016919431296730417,
        0.016822689340233968,
        0.016721022600089827
      ],
      "sigma_mem": 0.002,
      "rho_det": 0.954170527883678
    }
  },
  "notes": {
    "description": "High-resolution zoom around \u03c3_mem threshold",
    "sigma_range": [
      0.0,
      0.04
    ],
    "sigma_step": 0.002,
    "definition": "\u03c3_mem = smallest \u03c3 where \u03c1_S(50) < 0.5 \u00d7 \u03c1_det"
  }
}